pathway,superclass,class
Alkaloids,Ornithine alkaloids,Stemona alkaloids
Alkaloids,Tyrosine alkaloids,Acutumine alkaloids
Alkaloids,Tyrosine alkaloids,Betalain alkaloids
Alkaloids,Tyrosine alkaloids,Cephalotaxus alkaloids
Alkaloids,Tryptophan alkaloids,Hapalindole alkaloids
Alkaloids,Tryptophan alkaloids,Pyrroloindole alkaloids
Alkaloids,Anthranilic acid alkaloids,Phenoxazine alkaloids
Alkaloids,Guanidine alkaloids,Saxitoxins
Alkaloids,Guanidine alkaloids,Tetrodotoxins
Alkaloids,Guanidine alkaloids,Acyclic guanidine alkaloids
Alkaloids,Guanidine alkaloids,Bicyclic guanidine alkaloids
Alkaloids,Guanidine alkaloids,Monocyclic guanidine alkaloids
Alkaloids,Pseudoalkaloids,Cytochalasan alkaloids
Alkaloids,Pseudoalkaloids,Capsaicins and Capsaicinoids
Alkaloids,Pseudoalkaloids,Isariotin alkaloids
Alkaloids,Peptide alkaloids,"Indole diketopiperazine alkaloids (L-Trp, L-Pro)"
Alkaloids,Peptide alkaloids,"Indole diketopiperazine alkaloids (L-Trp, L-Trp)"
Alkaloids,Peptide alkaloids,Other indole diketopiperazine alkaloids
Alkaloids,Tetramate alkaloids,Pyrrocidine tetramate alkaloids
Alkaloids,Tetramate alkaloids,Cyclopiazonic acid-tpye tetramate alkaloids
Alkaloids,Tetramate alkaloids,Simple tetramate alkaloids
Alkaloids,Mitomycin derivatives,Mitomycins
Alkaloids,Proline alkaloids,Prodigiosins
Alkaloids,Tryptophan alkaloids,Carbazole alkaloids
Alkaloids,Peptide alkaloids,Ansa peptide alkaloids
Alkaloids,Tryptophan alkaloids,Indole-Diterpenoid alkaloids (Penitrems)
Alkaloids,Tyrosine alkaloids,Morphinan alkaloids
Alkaloids,Guanidine alkaloids,Pentacyclic guanidine alkaloids
Alkaloids,Tyrosine alkaloids,Hasubanan alkaloids
Alkaloids,Tryptophan alkaloids,Ergot alkaloids
Alkaloids,Tryptophan alkaloids,Carboline alkaloids
Alkaloids,Tryptophan alkaloids,Iboga type
Alkaloids,Ornithine alkaloids,Tropane alkaloids
Alkaloids,Pseudoalkaloids,Steroidal alkaloids
Alkaloids,Anthranilic acid alkaloids,Acridone alkaloids
Alkaloids,Tryptophan alkaloids,Corynanthe type
Alkaloids,Tyrosine alkaloids,Protoberberine alkaloids
Alkaloids,Lysine alkaloids,Quinolizidine alkaloids
Alkaloids,Tyrosine alkaloids,Phenethylisoquinoline alkaloids
Alkaloids,Tryptophan alkaloids,Pyrroloquinoline alkaloids
Alkaloids,Serine alkaloids,Thiazole alkaloids
Alkaloids,Pseudoalkaloids,Purine alkaloids
Alkaloids,Tyrosine alkaloids,Isoquinoline alkaloids
Alkaloids,Ornithine alkaloids,Polyamines
Alkaloids,Tryptophan alkaloids,Strychnos type
Alkaloids,Pseudoalkaloids,Phenylalanine-derived alkaloids
Alkaloids,Miscellaneous alkaloids,Miscellaneous alkaloids
Alkaloids,Pseudoalkaloids,Terpenoid alkaloids
Alkaloids,Anthranilic acid alkaloids,Anthranillic acid derivatives
Alkaloids,Ornithine alkaloids,Pyrrolizidine alkaloids
Alkaloids,Tyrosine alkaloids,Protopine alkaloids
Alkaloids,Tyrosine alkaloids,Aporphine alkaloids
Alkaloids,Pseudoalkaloids,pteridine alkaloids
Alkaloids,Anthranilic acid alkaloids,Phenazine alkaloids
Alkaloids,Tyrosine alkaloids,Phenylethylamines
Alkaloids,Tryptophan alkaloids,Simple oxindole alkaloids
Alkaloids,Tryptophan alkaloids,Aspidosperma-Iboga hybrid type (Vinca alkaloids)
Alkaloids,Pseudoalkaloids,Isoindole alkaloids
Alkaloids,Peptide alkaloids,"Indole diketopiperazine alkaloids (L-Trp, L-Ala)"
Alkaloids,Tyrosine alkaloids,Amarylidaceae alkaloids
Alkaloids,Anthranilic acid alkaloids,Quinazoline alkaloids
Alkaloids,Peptide alkaloids,Thiodiketopiperazine alkaloids
Alkaloids,Peptide alkaloids,Simple diketopiperazine alkaloids
Alkaloids,Tryptophan alkaloids,Yohimbine-like alkaloids
Alkaloids,Nicotinic acid alkaloids,Pyridine alkaloids
Alkaloids,Pseudoalkaloids,Azo and Azoxy alkaloids
Alkaloids,Lysine alkaloids,Piperidine alkaloids
Alkaloids,Tyrosine alkaloids,Terpenoid tetrahydroisoquinoline alkaloids
Alkaloids,Tyrosine alkaloids,Homoerythrina alkaloids
Alkaloids,Tryptophan alkaloids,Quinoline alkaloids
Alkaloids,Anthranilic acid alkaloids,Quinoline alkaloids
Alkaloids,Histidine alkaloids,Imidazole alkaloids
Alkaloids,Peptide alkaloids,Pyrazine and Piperazine alkaloids
Alkaloids,Tetramate alkaloids,Pyrazine and Piperazine alkaloids
Alkaloids,Peptide alkaloids,Simple amide alkaloids
Alkaloids,Tyrosine alkaloids,Tetrahydroisoquinoline alkaloids
Alkaloids,Tyrosine alkaloids,Oxazole alkaloids
Alkaloids,Ornithine alkaloids,Pyrrolidine alkaloids
Alkaloids,Proline alkaloids,Pyrrole alkaloids
Alkaloids,Lysine alkaloids,Indolizidine alkaloids
Alkaloids,Guanidine alkaloids,Tricyclic guanidine alkaloids
Alkaloids,Tryptophan alkaloids,Simple indole alkaloids
Alkaloids,Pseudoalkaloids,Acetate-derived alkaloids
Amino acids and Peptides,Macrolides,Rhizoxins
Amino acids and Peptides,Macrolides,Macrolide lactams
Amino acids and Peptides,Macrolides,Lactam bearing macrolide lactones
Amino acids and Peptides,Macrolides,Antimycins
Amino acids and Peptides,Macrolides,Macrocyclic tetramic acids
Amino acids and Peptides,Linear polyketides,Elfamycins
Amino acids and Peptides,Linear polyketides,DKXanthenes and derivatives
Amino acids and Peptides,Cyclic polyketides,3-Spirotetramic acids
Amino acids and Peptides,Peptide alkaloids,"Indole diketopiperazine alkaloids (L-Trp, L-Pro)"
Amino acids and Peptides,Peptide alkaloids,"Indole diketopiperazine alkaloids (L-Trp, L-Trp)"
Amino acids and Peptides,Peptide alkaloids,Other indole diketopiperazine alkaloids
Amino acids and Peptides,Tetramate alkaloids,Pyrrocidine tetramate alkaloids
Amino acids and Peptides,Tetramate alkaloids,Cyclopiazonic acid-type tetramate alkaloids
Amino acids and Peptides,Mycosporine derivatives,Mycosporine and Mycosporine-like amino acids
Amino acids and Peptides,Oligopeptides,Aeruginosins
Amino acids and Peptides,Oligopeptides,Microginins
Amino acids and Peptides,Oligopeptides,Anabaenopeptins
Amino acids and Peptides,Oligopeptides,Microcystins
Amino acids and Peptides,Oligopeptides,Microcolins and mirabimides
Amino acids and Peptides,Oligopeptides,Tantazoles and mirabazoles
Amino acids and Peptides,Oligopeptides,Vancomycins and Teicoplanins
Amino acids and Peptides,Oligopeptides,Streptogramins
Amino acids and Peptides,Oligopeptides,Actinomycins
Amino acids and Peptides,β-lactams,Penicillins
Amino acids and Peptides,β-lactams,Cephalosporins
Amino acids and Peptides,β-lactams,Cephamycins
Amino acids and Peptides,β-lactams,Clavams
Amino acids and Peptides,β-lactams,Carbapenems
Amino acids and Peptides,β-lactams,Monocyclic β-lactams
Amino acids and Peptides,Oligopeptides,RiPPs-Amatoxins and Phallotoxins
Amino acids and Peptides,Oligopeptides,RiPPs-Bottromycins
Amino acids and Peptides,Oligopeptides,RiPPs-Lasso peptides
Amino acids and Peptides,Oligopeptides,RiPPs-Microcins
Amino acids and Peptides,Peptide alkaloids,Ansa peptide alkaloids
Amino acids and Peptides,Oligopeptides,Cyclic peptides
Amino acids and Peptides,Oligopeptides,RiPPs-Thiopeptides
Amino acids and Peptides,Oligopeptides,Depsipeptides
Amino acids and Peptides,Amino acid glycosides,Glucosinolates
Amino acids and Peptides,Oligopeptides,Lipopeptides
Amino acids and Peptides,Oligopeptides,RiPPs-Lanthipeptides
Amino acids and Peptides,Cyclic polyketides,3-Decalinoyltetramic acids
Amino acids and Peptides,Oligopeptides,Linear peptides
Amino acids and Peptides,Phenylpropanoids (C6-C3),Cinnamic acid amides
Amino acids and Peptides,Oligopeptides,Bleomycins
Amino acids and Peptides,Oligopeptides,Cryptophycins
Amino acids and Peptides,Oligopeptides,Peptaibols
Amino acids and Peptides,Small peptides,Dipeptides
Amino acids and Peptides,Small peptides,Aminoacids
Amino acids and Peptides,Linear polyketides,Melithiazole and Myxothiazole derivatives
Amino acids and Peptides,Linear polyketides,3-acyl tetramic acids
Amino acids and Peptides,Peptide alkaloids,"Indole diketopiperazine alkaloids (L-Trp, L-Ala)"
Amino acids and Peptides,Peptide alkaloids,Thiodiketopiperazine alkaloids
Amino acids and Peptides,Peptide alkaloids,Simple diketopiperazine alkaloids
Amino acids and Peptides,Small peptides,Tripeptides
Amino acids and Peptides,Amino acid glycosides,Cyanogenic glycosides
Amino acids and Peptides,Peptide alkaloids,Pyrazine and Piperazine alkaloids
Amino acids and Peptides,Oligopeptides,RiPPs-Cyanobactins
Carbohydrates,Polyols,Cyclitols
Carbohydrates,Nucleosides,Purine nucleos(t)ides
Carbohydrates,Nucleosides,Pyrimidine nucleos(t)ides
Carbohydrates,Saccharides,Disaccharides
Carbohydrates,Saccharides,Orthosomycins
Carbohydrates,Saccharides,Monosaccharides
Carbohydrates,"Aminosugars and
aminoglycosides",Aminoglycosides
Carbohydrates,Polyols,Amino cyclitols
Carbohydrates,"Aminosugars and
aminoglycosides",Aminosugars
Carbohydrates,Saccharides,Paulomycins and derivatives
Carbohydrates,Saccharides,Polysaccharides
Fatty acids,Fatty Acids and Conjugates,Methoxy fatty acids
Fatty acids,Fatty Acids and Conjugates,Nitro fatty acids
Fatty acids,Fatty Acids and Conjugates,Mycolic acids
Fatty acids,Octadecanoids,12-oxophytodienoic acid metabolites
Fatty acids,Octadecanoids,Phytoprostanes
Fatty acids,Octadecanoids,Phytofurans
Fatty acids,Eicosanoids,Leukotrienes
Fatty acids,Eicosanoids,Thromboxanes
Fatty acids,Eicosanoids,Lipoxins
Fatty acids,Eicosanoids,Hydroxy-hydroperoxyeicosatrienoic acids
Fatty acids,Eicosanoids,Epoxyeicosatrienoic acids
Fatty acids,Eicosanoids,Hepoxilins
Fatty acids,Eicosanoids,Levuglandins
Fatty acids,Eicosanoids,Isofurans
Fatty acids,Eicosanoids,"Eicosa-1,2-dioxolanes"
Fatty acids,Eicosanoids,Resolvin Es
Fatty acids,Eicosanoids,Clavulones
Fatty acids,Docosanoids,Neuroprostanes
Fatty acids,Docosanoids,"Docosa-1,2-dioxolanes"
Fatty acids,Docosanoids,Resolvin Ds
Fatty acids,Fatty esters,Fatty acyl CoAs
Fatty acids,Fatty esters,Fatty acyl carnitines
Fatty acids,Fatty amides,Fatty acyl homoserine lactones
Fatty acids,Fatty acyls,Fatty ethers
Fatty acids,Fatty acyl glycosides,Sophorolipids
Fatty acids,Fatty acyl glycosides,Rhamnolipids
Fatty acids,Glycerolipids,Monoacylglycerols
Fatty acids,Glycerolipids,Glycosylmonoacylglycerols
Fatty acids,Glycerophospholipids,Glycerophosphocholines
Fatty acids,Glycerophospholipids,Glycerophosphoserines
Fatty acids,Glycerophospholipids,Glycerophosphoglycerophosphates
Fatty acids,Glycerophospholipids,Glycerophosphoinositols
Fatty acids,Glycerophospholipids,Glycerophosphoinositol phosphates
Fatty acids,Glycerophospholipids,Glycerophosphates
Fatty acids,Glycerophospholipids,Glycerophosphoglycerophosphoglycerols
Fatty acids,Glycerophospholipids,CDP-Glycerols
Fatty acids,Glycerophospholipids,Glycosylglycerophospholipids
Fatty acids,Glycerophospholipids,Glycerophosphoinositolglycans
Fatty acids,Glycerophospholipids,Oxidized glycerophospholipids
Fatty acids,Glycerophospholipids,Long-Chain Bicyclic Phosphotriester
Fatty acids,Sphingolipids,Acidic glycosphingolipids
Fatty acids,Fatty acyls,Resin glycosides
Fatty acids,Fatty acyls,Paraconic acids and derivatives
Fatty acids,Fatty acyls,Halogenated hydrocarbons
Fatty acids,Glycerolipids,Triacylglycerols
Fatty acids,Glycerophospholipids,Glycerophosphoethanolamines
Fatty acids,Glycerophospholipids,Glycerophosphoglycerols
Fatty acids,Sphingolipids,Phosphosphingolipids
Fatty acids,Sphingolipids,Ceramides
Fatty acids,Glycerolipids,Diacylglycerols
Fatty acids,Fatty acyl glycosides,Ascarosides
Fatty acids,Sphingolipids,Neutral glycosphingolipids
Fatty acids,Fatty esters,Fatty acid estolides
Fatty acids,Fatty acyls,Fatty aldehydes
Fatty acids,Fatty Acids and Conjugates,Branched fatty acids
Fatty acids,Eicosanoids,Isoprostanes
Fatty acids,Fatty esters,Wax monoesters
Fatty acids,Glycerolipids,Glycosyldiacylglycerols
Fatty acids,Fatty Acids and Conjugates,Hydroperoxy fatty acids
Fatty acids,Fatty Acids and Conjugates,Heterocyclic fatty acids
Fatty acids,Fatty acyls,Oxygenated hydrocarbons
Fatty acids,Fatty amides,N-acyl ethanolamines (endocannabinoids)
Fatty acids,Fatty Acids and Conjugates,Unsaturated fatty acids
Fatty acids,Fatty Acids and Conjugates,Epoxy fatty acids
Fatty acids,Fatty Acids and Conjugates,Carbocyclic fatty acids
Fatty acids,Fatty amides,N-acyl amines
Fatty acids,Eicosanoids,Prostaglandins
Fatty acids,Fatty Acids and Conjugates,Amino fatty acids
Fatty acids,Fatty Acids and Conjugates,Oxo fatty acids
Fatty acids,Fatty Acids and Conjugates,Oxo fatty acids
Fatty acids,Fatty Acids and Conjugates,Dicarboxylic acids
Fatty acids,Octadecanoids,Jasmonic acids
Fatty acids,Eicosanoids,Hydroxy-hydroperoxyeicosatetraenoic acids
Fatty acids,Eicosanoids,Hydroxy-hydroperoxyeicosapentaenoic acids
Fatty acids,Fatty esters,Cyano esters
Fatty acids,Sphingolipids,Sphingoid bases
Fatty acids,Fatty esters,Lactones
Fatty acids,Octadecanoids,Other Octadecanoids
Fatty acids,Docosanoids,Other Docosanoids
Fatty acids,Fatty acyl glycosides,Fatty acyl glycosides of mono- and disaccharides
Fatty acids,Fatty Acids and Conjugates,Hydroxy fatty acids
Fatty acids,Fatty Acids and Conjugates,Hydroxy fatty acids
Fatty acids,Eicosanoids,Other Eicosanoids
Fatty acids,Fatty amides,Primary amides
Fatty acids,Fatty acyls,Fatty nitriles
Fatty acids,Fatty esters,Wax diesters
Polyketides,Macrolides,Tylosins
Polyketides,Macrolides,Avermectins
Polyketides,Macrolides,Ascomycins and Rapamycins
Polyketides,Macrolides,Ascomycins and Rapamycins
Polyketides,Macrolides,Epothilones
Polyketides,Macrolides,Rhizoxins
Polyketides,Macrolides,Oligomycins
Polyketides,Macrolides,Bafilomycins
Polyketides,Macrolides,Macrolide lactams
Polyketides,Macrolides,Lactam bearing macrolide lactones
Polyketides,Macrolides,Enediynes
Polyketides,Macrolides,Bryostatins
Polyketides,Macrolides,Antimycins
Polyketides,Macrolides,Oxa-Bridged Macrolides
Polyketides,Macrolides,Macrocyclic tetramic acids
Polyketides,Linear polyketides,Linear tetronates
Polyketides,Linear polyketides,Elfamycins
Polyketides,Linear polyketides,3-oligoenoyltetramic acids
Polyketides,Linear polyketides,Linear polyenes
Polyketides,Linear polyketides,DKXanthenes and derivatives
Polyketides,Chromanes,Cytosporins
Polyketides,Cyclic polyketides,Decalins with 2-pyrones
Polyketides,Cyclic polyketides,3-Spirotetramic acids
Polyketides,Cyclic polyketides,Nonadrides
Polyketides,Alkylresorcinols,Monoalkylresorcinols
Polyketides,Alkylresorcinols,Dialkylresorcinols
Polyketides,Chromanes,Aflatoxins
Polyketides,Aromatic polyketides,Griseofulvins
Polyketides,Aromatic polyketides,Catechols with side chains
Polyketides,Aromatic polyketides,Aromatic polyketides with side chains
Polyketides,Aromatic polyketides,Simple aromatic polyketides
Polyketides,Aromatic polyketides,Luminacins and derivatives
Polyketides,Meroterpenoids,Cannabinoids
Polyketides,"Polycyclic aromatic
polyketides",Pradimicins
Polyketides,"Polycyclic aromatic
polyketides",Fasamycins and derivatives
Polyketides,"Polycyclic aromatic
polyketides",Benastatins and derivatives
Polyketides,Phloroglucinols,Phloroglucinol-terpene hybrids
Polyketides,Phloroglucinols,"Prenylated,geranylated phloroglucinols"
Polyketides,Naphthalenes,Spirodioxynaphthalenes
Polyketides,Polyethers,Macrotetrolides
Polyketides,Tropolones,Tropolones and derivatives (PKS)
Polyketides,Diphenyl ethers (DPEs),Fungal DPEs
Polyketides,Meroterpenoids,Triketide meroterpenoids
Polyketides,Meroterpenoids,Other polyketide meroterpenoids
Polyketides,Linear polyketides,Phoslactomycins or Phosphazomycins
Polyketides,Naphthalenes,Naphthalenones
Polyketides,"Polycyclic aromatic
polyketides",Ericamycins
Polyketides,Aromatic polyketides,Benzophenones
Polyketides,Macrolides,Boromycins
Polyketides,Macrolides,Aplysiatoxins
Polyketides,"Polycyclic aromatic
polyketides",Duclauxin and derivatives
Polyketides,Macrolides,Ansa macrolides
Polyketides,Meroterpenoids,"Polyprenylated cyclic polyketides (Hop
meroterpenoids)"
Polyketides,Macrolides,Erythromycins
Polyketides,Aromatic polyketides,Depsides
Polyketides,Linear polyketides,Acetogenins
Polyketides,Aromatic polyketides,Depsidones
Polyketides,"Polycyclic aromatic
polyketides",Tetracyclines
Polyketides,Phloroglucinols,Acyl phloroglucinols
Polyketides,Phloroglucinols,Oligomeric phloroglucinols (phlorotannins)
Polyketides,Macrolides,Spirotetronate macrolides
Polyketides,Aromatic polyketides,Sorbicilinoids
Polyketides,"Polycyclic aromatic
polyketides",Anthracyclines
Polyketides,Oligopeptides,Depsipeptides
Polyketides,Cyclic polyketides,2-pyrone derivatives
Polyketides,Aromatic polyketides,Usnic acid and derivatives
Polyketides,Cyclic polyketides,3-Decalinoyltetramic acids
Polyketides,Cyclic polyketides,4-pyrone derivatives
Polyketides,Polyethers,Ladder polyethers
Polyketides,Cyclic polyketides,Fungal cyclic polyketides (Miscellaneous)
Polyketides,Macrolides,Polyene macrolides
Polyketides,Polyethers,Polyether ionophores
Polyketides,Chromanes,Azaphilones
Polyketides,Linear polyketides,Melithiazole and Myxothiazole derivatives
Polyketides,"Polycyclic aromatic
polyketides",Angucyclines
Polyketides,Aromatic polyketides,Strobilurins and derivatives
Polyketides,Aromatic polyketides,Benzoquinones
Polyketides,Xanthones,Methyl xanthones
Polyketides,Linear polyketides,3-acyl tetramic acids
Polyketides,Meroterpenoids,Tetraketide meroterpenoids
Polyketides,Linear polyketides,Open-chain polyketides
Polyketides,Cyclic polyketides,Phthalide derivatives
Polyketides,Phloroglucinols,Dimeric phloroglucinols
Polyketides,Cyclic polyketides,Monacolins and Monacolin derivatives
Polyketides,Macrolides,Macrolide lactones
Polyketides,Chromanes,Chromones
Polyketides,Naphthalenes,Bisnaphthalenes
Polyketides,Cyclic polyketides,Decalins with side chains
Polyketides,Naphthalenes,Naphthoquinones
Polyketides,Macrolides,Zearalenones
Polyketides,Cyclic polyketides,Oblogolides
Polyketides,Cyclic polyketides,Furans
Polyketides,Naphthalenes,Naphthalenes and derivatives
Polyketides,Cyclic polyketides,Simple cyclic polyketides
Polyketides,Miscellaneous polyketides,Miscellaneous polyketides
"Shikimates and
Phenylpropanoids",Phenolic acids (C6-C1),Bagremycins
"Shikimates and
Phenylpropanoids",Phenylpropanoids (C6-C3),Cinnamoyl phenols
"Shikimates and
Phenylpropanoids",Mycosporine derivatives,Mycosporine and Mycosporine-like amino acids
"Shikimates and
Phenylpropanoids",Lignans,Dibenzylbutyrolactone lignans
"Shikimates and
Phenylpropanoids",Lignans,Furofuranoid lignans
"Shikimates and
Phenylpropanoids",Lignans,Dibenzocyclooctadienes lignans
"Shikimates and
Phenylpropanoids",Lignans,Coumarinolignans
"Shikimates and
Phenylpropanoids",Coumarins,Coumarinolignans
"Shikimates and
Phenylpropanoids",Diarylheptanoids,Biaryl type diarylheptanoids
"Shikimates and
Phenylpropanoids",Fluorenes,Selaginellins
"Shikimates and
Phenylpropanoids",Flavonoids,Flavans
"Shikimates and
Phenylpropanoids",Flavonoids,Aurones
"Shikimates and
Phenylpropanoids",Flavonoids,Isoaurones
"Shikimates and
Phenylpropanoids",Flavonoids,Flavonostilbenes
"Shikimates and
Phenylpropanoids",Stilbenoids,Flavonostilbenes
"Shikimates and
Phenylpropanoids",Stilbenoids,Stilbenolignans
"Shikimates and
Phenylpropanoids",Lignans,Stilbenolignans
"Shikimates and
Phenylpropanoids",Isoflavonoids,Coumaronochromones
"Shikimates and
Phenylpropanoids",Phenanthrenoids,Phenanthrenes
"Shikimates and
Phenylpropanoids",Flavonoids,Flavonols
"Shikimates and
Phenylpropanoids",Flavonoids,Flavones
"Shikimates and
Phenylpropanoids",Flavonoids,Flavan-3-ols
"Shikimates and
Phenylpropanoids",Styrylpyrones,Kavalactones and derivatives
"Shikimates and
Phenylpropanoids",Flavonoids,Chalcones
"Shikimates and
Phenylpropanoids",Lignans,Furanoid lignans
"Shikimates and
Phenylpropanoids",Diarylheptanoids,Diarylether type diarylheptanoids
"Shikimates and
Phenylpropanoids",Flavonoids,Anthocyanidins
"Shikimates and
Phenylpropanoids",Flavonoids,Dihydroflavonols
"Shikimates and
Phenylpropanoids",Xanthones,Plant xanthones
"Shikimates and
Phenylpropanoids",Coumarins,Furocoumarins
"Shikimates and
Phenylpropanoids",Diarylheptanoids,Linear diarylheptanoids
"Shikimates and
Phenylpropanoids",Flavonoids,Proanthocyanins
"Shikimates and
Phenylpropanoids",Flavonoids,Flavanones
"Shikimates and
Phenylpropanoids",Stilbenoids,Oligomeric stibenes
"Shikimates and
Phenylpropanoids",Isoflavonoids,Isoflavones
"Shikimates and
Phenylpropanoids",Isoflavonoids,Coumestan
"Shikimates and
Phenylpropanoids",Isoflavonoids,Rotenoids
"Shikimates and
Phenylpropanoids",Phenylpropanoids (C6-C3),Cinnamic acids and derivatives
"Shikimates and
Phenylpropanoids",Terphenyls,m-Terphenyls
"Shikimates and
Phenylpropanoids",Phenolic acids (C6-C1),Gallotannins
"Shikimates and
Phenylpropanoids",Phenylethanoids (C6-C2),Phenylethanoids
"Shikimates and
Phenylpropanoids",Coumarins,Isocoumarins
"Shikimates and
Phenylpropanoids",Isoflavonoids,Pterocarpan
"Shikimates and
Phenylpropanoids",Flavonoids,Neoflavonoids
"Shikimates and
Phenylpropanoids",Terphenyls,p-Terphenyls
"Shikimates and
Phenylpropanoids","Diazotetronic acids and
derivatives",Pulvinones
"Shikimates and
Phenylpropanoids",Coumarins,Pyranocoumarins
"Shikimates and
Phenylpropanoids",Small peptides,Aminoacids
"Shikimates and
Phenylpropanoids",Coumarins,Simple coumarins
"Shikimates and
Phenylpropanoids",Isoflavonoids,Isoflavanones
"Shikimates and
Phenylpropanoids",Isoflavonoids,2-arylbenzofurans
"Shikimates and
Phenylpropanoids",Tropolones,Tropolones and derivatives (Shikimate)
"Shikimates and
Phenylpropanoids",Lignans,Arylnaphthalene and aryltetralin lignans
"Shikimates and
Phenylpropanoids",Stilbenoids,Monomeric stilbenes
"Shikimates and
Phenylpropanoids",Flavonoids,Flavonolignans
"Shikimates and
Phenylpropanoids",Lignans,Flavonolignans
"Shikimates and
Phenylpropanoids",Flavonoids,Flavandiols (Leucoanthocyanidins)
"Shikimates and
Phenylpropanoids",Lignans,Dibenzylbutane lignans
"Shikimates and
Phenylpropanoids",Phenolic acids (C6-C1),Simple phenolic acids
"Shikimates and
Phenylpropanoids",Phenolic acids (C6-C1),Shikimic acids and derivatives
"Shikimates and
Phenylpropanoids",Lignans,Minor lignans
Terpenoids,Diterpenoids,Platensimycin and Platencins
Terpenoids,Meroterpenoids,Cannabinoids
Terpenoids,Phloroglucinols,Phloroglucinol-terpene hybrids
Terpenoids,Polyethers,Oxasqualenoids
Terpenoids,Sesquiterpenoids,Alliacane sesquiterpenoids
Terpenoids,Sesquiterpenoids,Allohimachalane sesquiterpenoids
Terpenoids,Sesquiterpenoids,Bicyclogermacrane sesquiterpenoids
Terpenoids,Sesquiterpenoids,Bicyclohumulane sesquiterpenoids
Terpenoids,Sesquiterpenoids,Chiloscyphane sesquiterpenoids
Terpenoids,Sesquiterpenoids,Coloratane sesquiterpenoids
Terpenoids,Sesquiterpenoids,Cyclobisabolane sesquiterpenoids
Terpenoids,Sesquiterpenoids,Cyclonerane sesquiterpenoids
Terpenoids,Sesquiterpenoids,Elemane sesquiterpenoids
Terpenoids,Sesquiterpenoids,Herbertane sesquiterpenoids
Terpenoids,Sesquiterpenoids,Iphionane sesquiterpenoids
Terpenoids,Sesquiterpenoids,Isocomane sesquiterpenoids
Terpenoids,Sesquiterpenoids,Ivaxillarane sesquiterpenoids
Terpenoids,Sesquiterpenoids,Longipinane sesquiterpenoids
Terpenoids,Sesquiterpenoids,Marasmane sesquiterpenoids
Terpenoids,Sesquiterpenoids,Noreremophilane sesquiterpenoids
Terpenoids,Sesquiterpenoids,Oplopane sesquiterpenoids
Terpenoids,Sesquiterpenoids,Pinguisane sesquiterpenoids
Terpenoids,Sesquiterpenoids,Quadrane sesquiterpenoids
Terpenoids,Sesquiterpenoids,Rotundane sesquiterpenoids
Terpenoids,Sesquiterpenoids,Santalane sesquiterpenoids
Terpenoids,Sesquiterpenoids,Sativane sesquiterpenoids
Terpenoids,Sesquiterpenoids,Silphinane sesquiterpenoids
Terpenoids,Sesquiterpenoids,Silphiperfolane sesquiterpenoids
Terpenoids,Sesquiterpenoids,Sinularane sesquiterpenoids
Terpenoids,Sesquiterpenoids,Spiroaxane sesquiterpenoids
Terpenoids,Sesquiterpenoids,Sterpurane sesquiterpenoids
Terpenoids,Sesquiterpenoids,Arteminisin
Terpenoids,Sesquiterpenoids,Hamigerane sesquiterpenoids
Terpenoids,Diterpenoids,Prenylbisabolane diterpenoids
Terpenoids,Diterpenoids,Dactylomelane diterpenoids
Terpenoids,Diterpenoids,Cycloabietane diterpenoids
Terpenoids,Diterpenoids,Parguerane diterpenoids
Terpenoids,Diterpenoids,Devadarane diterpenoids
Terpenoids,Diterpenoids,Villanovane diterpenoids
Terpenoids,Diterpenoids,Aphidicolane diterpenoids
Terpenoids,Diterpenoids,Gibberellins
Terpenoids,Diterpenoids,Norcembrane diterpenoids
Terpenoids,Diterpenoids,Asbestinane diterpenoids
Terpenoids,Diterpenoids,Sphaerane diterpenoids
Terpenoids,Diterpenoids,Dolastane diterpenoids
Terpenoids,Diterpenoids,Verrucosane diterpenoids
Terpenoids,Diterpenoids,Casbane diterpenoids
Terpenoids,Diterpenoids,Segetane diterpenoids
Terpenoids,Diterpenoids,Pepluane diterpenoids
Terpenoids,Diterpenoids,Paraliane diterpenoids
Terpenoids,Diterpenoids,Lathyrane diterpenoids
Terpenoids,Diterpenoids,Premyrsinane diterpenoids
Terpenoids,Diterpenoids,Myrsinane diterpenoids
Terpenoids,Diterpenoids,Tigliane diterpenoids
Terpenoids,Diterpenoids,Jatropholane diterpenoids
Terpenoids,Diterpenoids,Abeotaxane diterpenoids
Terpenoids,Diterpenoids,Trinervitane diterpenoids
Terpenoids,Diterpenoids,Kempane diterpenoids
Terpenoids,Diterpenoids,Amphilectane diterpenoids
Terpenoids,Diterpenoids,Eremane diterpenoids
Terpenoids,Diterpenoids,Lobane diterpenoids
Terpenoids,Diterpenoids,Decipiane diterpenoids
Terpenoids,Diterpenoids,Sacculatane diterpenoids
Terpenoids,Diterpenoids,Obtusane diterpenoids
Terpenoids,Diterpenoids,Breviane diterpenoids
Terpenoids,Diterpenoids,Cyclopiane diterpenoids
Terpenoids,Sesterterpenoids,Asperane sesterterpenoids
Terpenoids,Sesterterpenoids,Cericerane sesterterpenoids
Terpenoids,Sesterterpenoids,Ophiobolane sesterterpenoids
Terpenoids,Sesterterpenoids,Betaestacin-type sesterterpenoids
Terpenoids,Sesterterpenoids,Mangicol-type sesterterpenoids
Terpenoids,Triterpenoids,Baccharane triterpenoids
Terpenoids,Triterpenoids,Shionane triterpenoids
Terpenoids,Triterpenoids,Pachysanane triterpenoids
Terpenoids,Triterpenoids,Bauerane triterpenoids
Terpenoids,Triterpenoids,Adianane triterpenoids
Terpenoids,Triterpenoids,Filicane triterpenoids
Terpenoids,Triterpenoids,Malabaricane triterpenoids
Terpenoids,Triterpenoids,Saponaceolide triterpenoids
Terpenoids,Steroids,Bufadienolides
Terpenoids,Carotenoids (C40),"Carotenoids (C40, β-Ψ)"
Terpenoids,Carotenoids (C40),"Carotenoids (C40, ε-Ψ)"
Terpenoids,Carotenoids (C40),"Carotenoids (C40, π-Ψ)"
Terpenoids,Carotenoids (C40),"Carotenoids (C40, Χ-Ψ)"
Terpenoids,Carotenoids (C40),"Carotenoids (C40, γ-ε)"
Terpenoids,Carotenoids (C40),"Carotenoids (C40, β-π)"
Terpenoids,Carotenoids (C40),"Carotenoids (C40, β-Χ)"
Terpenoids,Carotenoids (C40),"Carotenoids (C40, β-κ)"
Terpenoids,Carotenoids (C40),"Carotenoids (C40, κ-Χ)"
Terpenoids,Carotenoids (C40),"Carotenoids (C40, π-π)"
Terpenoids,Carotenoids (C40),"Carotenoids (C40, π-Χ)"
Terpenoids,Carotenoids (C45),"Carotenoids (C45, β-Ψ)"
Terpenoids,Carotenoids (C45),"Carotenoids (C45, ε-Ψ)"
Terpenoids,Carotenoids (C50),"Carotenoids (C50, β-β)"
Terpenoids,Carotenoids (C50),"Carotenoids (C50, ε-ε)"
Terpenoids,Carotenoids (C50),"Carotenoids (C50, γ-γ)"
Terpenoids,Apocarotenoids,"Apocarotenoids (C30, Ψ-Ψ)"
Terpenoids,Polyprenols,Bactoprenols
Terpenoids,Polyprenols,Dolichols
Terpenoids,Polyprenols,Polyprenol derivatives
Terpenoids,Meroterpenoids,Other polyketide meroterpenoids
Terpenoids,Meroterpenoids,Merosesquiterpenoids
Terpenoids,Meroterpenoids,Meroterpenoids with 5- or 6-membered ring
Terpenoids,Meroterpenoids,Meroterpenoids with bridged ring
Terpenoids,Diterpenoids,Platensimycin and Platencins
Terpenoids,Meroterpenoids,Merohemiterpenoids
Terpenoids,Sesquiterpenoids,Agarofuran sesquiterpenoids
Terpenoids,Meroterpenoids,"Polyprenylated cyclic polyketides (Hop
meroterpenoids)"
Terpenoids,Steroids,Vitamin D3 and derivatives
Terpenoids,Triterpenoids,Limonoids
Terpenoids,Triterpenoids,Lupane triterpenoids
Terpenoids,Triterpenoids,Ursane and Taraxastane triterpenoids
Terpenoids,Steroids,Cardenolides
Terpenoids,Diterpenoids,Briarane diterpenoids
Terpenoids,Diterpenoids,Grayanotoxane diterpenoids
Terpenoids,Triterpenoids,Oleanane triterpenoids
Terpenoids,Sesquiterpenoids,Lactarane sesquiterpenoids
Terpenoids,Tryptophan alkaloids,Indole-Diterpenoid alkaloids (Penitrems)
Terpenoids,Meroterpenoids,Prenyl quinone meroterpenoids
Terpenoids,Diterpenoids,Mulinane diterpenoids
Terpenoids,Sesterterpenoids,Norsesterterpenoids
Terpenoids,Carotenoids (C40),"Carotenoids (C40, β-β)"
Terpenoids,Sesquiterpenoids,Laurane sesquiterpenoids
Terpenoids,Triterpenoids,Dammarane and Protostane triterpenoids
Terpenoids,Sesquiterpenoids,Cedrane and Isocedrane sesquiterpenoids
Terpenoids,Sesterterpenoids,Monocarbocyclic sesterterpenoids
Terpenoids,Carotenoids (C40),"Carotenoids (C40, Ψ-Ψ)"
Terpenoids,Diterpenoids,Cembrane diterpenoids
Terpenoids,Sesquiterpenoids,Cyclofarnesane sesquiterpenoids
Terpenoids,Meroterpenoids,Spriromeroterpenoids
Terpenoids,Sesquiterpenoids,Trichothecane sesquiterpenoids
Terpenoids,Pseudoalkaloids,Steroidal alkaloids
Terpenoids,Triterpenoids,Quassinoids
Terpenoids,Triterpenoids,Cycloartane triterpenoids
Terpenoids,Triterpenoids,Multiflorane triterpenoids
Terpenoids,Triterpenoids,Serratane triterpenoids
Terpenoids,Diterpenoids,Kaurane and Phyllocladane diterpenoids
Terpenoids,Sesquiterpenoids,Chamigrane sesquiterpenoids
Terpenoids,Diterpenoids,Nagilactone diterpenoids
Terpenoids,Sesquiterpenoids,Africanane sesquiterpenoids
Terpenoids,Sesquiterpenoids,Asteriscane sesquiterpenoids
Terpenoids,Diterpenoids,Guanacastane diterpenoids
Terpenoids,Diterpenoids,Pachydictyane diterpenoids
Terpenoids,Sesterterpenoids,Linear sesterterpenoids
Terpenoids,Steroids,Ecdysteroids
Terpenoids,Steroids,Vitamin D2 and derivatives
Terpenoids,Triterpenoids,Cucurbitane triterpenoids
Terpenoids,Diterpenoids,Taxane diterpenoids
Terpenoids,Sesquiterpenoids,Oppositane sesquiterpenoids
Terpenoids,Diterpenoids,Furanoabietane diterpenoids
Terpenoids,Diterpenoids,Tetracyclic diterpenoids
Terpenoids,Steroids,Furostane steroids
Terpenoids,Sesquiterpenoids,Germacrane sesquiterpenoids
Terpenoids,Sesquiterpenoids,Gymnomitrane sesquiterpenoids
Terpenoids,Sesquiterpenoids,"Presilphiperfolane and Probotryane
sesquiterpenoids"
Terpenoids,Diterpenoids,Pseudopterane diterpenoids
Terpenoids,Diterpenoids,Xenicane diterpenoids
Terpenoids,Diterpenoids,Serrulatane and Biflorane diterpenoids
Terpenoids,Triterpenoids,Abeolupane triterpenoids
Terpenoids,Triterpenoids,Acyclic triterpenoids
Terpenoids,Carotenoids (C40),"Carotenoids (C40, β-ε)"
Terpenoids,Diterpenoids,Dolabellane diterpenoids
Terpenoids,Triterpenoids,Apotirucallane triterpenoids
Terpenoids,Steroids,Pregnane steroids
Terpenoids,Sesquiterpenoids,Tremulane sesquiterpenoids
Terpenoids,Sesquiterpenoids,Pentalenane sesquiterpenoids
Terpenoids,Diterpenoids,Totarane diterpenoids
Terpenoids,Triterpenoids,Onocerane triterpenoids
Terpenoids,Triterpenoids,Polypodane triterpenoids
Terpenoids,Carotenoids (C50),"Carotenoids (C50, Ψ-Ψ)"
Terpenoids,Monoterpenoids,Thujane monoterpenoids
Terpenoids,Diterpenoids,Erythroxylane diterpenoids
Terpenoids,Diterpenoids,Xeniaphyllane diterpenoids
Terpenoids,Pseudoalkaloids,Terpenoid alkaloids
Terpenoids,Triterpenoids,Hopane and Moretane triterpenoids
Terpenoids,Monoterpenoids,Iridoids monoterpenoids
Terpenoids,Steroids,Androstane steroids
Terpenoids,Steroids,Cholestane steroids
Terpenoids,Monoterpenoids,Carane monoterpenoids
Terpenoids,Sesquiterpenoids,Picrotoxane sesquiterpenoids
Terpenoids,Sesquiterpenoids,Thujopsane sesquiterpenoids
Terpenoids,Sesquiterpenoids,Valerenane sesquiterpenoids
Terpenoids,Diterpenoids,Halimane diterpenoids
Terpenoids,Diterpenoids,Rhamnofolane diterpenoids
Terpenoids,Steroids,Cholane steroids
Terpenoids,Sesquiterpenoids,Spirovetivane sesquiterpenoids
Terpenoids,Apocarotenoids,Apocarotenoids(ε-)
Terpenoids,Diterpenoids,Colensane and Clerodane diterpenoids
Terpenoids,Sesquiterpenoids,Himachalane sesquiterpenoids
Terpenoids,Sesquiterpenoids,Nardosinane sesquiterpenoids
Terpenoids,Diterpenoids,Fusicoccane diterpenoids
Terpenoids,Sesterterpenoids,Cheilanthane sesterterpenoids
Terpenoids,Triterpenoids,Fusidane triterpenoids
Terpenoids,Sesquiterpenoids,Guaiane sesquiterpenoids
Terpenoids,Sesquiterpenoids,Pseudoguaiane sesquiterpenoids
Terpenoids,Diterpenoids,Cassane diterpenoids
Terpenoids,Meroterpenoids,Tetraketide meroterpenoids
Terpenoids,Sesquiterpenoids,Eremophilane sesquiterpenoids
Terpenoids,Diterpenoids,Eunicellane diterpenoids
Terpenoids,Sesterterpenoids,Scalarane sesterterpenoids
Terpenoids,Sesquiterpenoids,Caryolane sesquiterpenoids
Terpenoids,Sesquiterpenoids,Illudalane sesquiterpenoids
Terpenoids,Diterpenoids,Viscidane diterpenoids
Terpenoids,Steroids,Ergostane steroids
Terpenoids,Sesquiterpenoids,Patchoulane sesquiterpenoids
Terpenoids,Diterpenoids,Norkaurane diterpenoids
Terpenoids,Diterpenoids,Beyerane diterpenoids
Terpenoids,Triterpenoids,Fernane and Arborinane triterpenoids
Terpenoids,Diterpenoids,Jatrophane diterpenoids
Terpenoids,Sesquiterpenoids,Bergamotane sesquiterpenoids
Terpenoids,Sesquiterpenoids,Illudane sesquiterpenoids
Terpenoids,Triterpenoids,Glutinane triterpenoids
Terpenoids,Sesquiterpenoids,Aromadendrane sesquiterpenoids
Terpenoids,Diterpenoids,Ingenane diterpenoids
Terpenoids,Diterpenoids,Labdane diterpenoids
Terpenoids,Diterpenoids,Secolabdane diterpenoids
Terpenoids,Steroids,Spirostane steroids
Terpenoids,Steroids,Stigmastane steroids
Terpenoids,Monoterpenoids,Menthane monoterpenoids
Terpenoids,Monoterpenoids,Irregular monoterpenoids
Terpenoids,Sesquiterpenoids,Capnellane sesquiterpenoids
Terpenoids,Sesquiterpenoids,Carabrane sesquiterpenoids
Terpenoids,Sesquiterpenoids,Clovane sesquiterpenoids
Terpenoids,Diterpenoids,Abietane diterpenoids
Terpenoids,Diterpenoids,Spongiane diterpenoids
Terpenoids,Diterpenoids,Trachylobane diterpenoids
Terpenoids,Diterpenoids,Cyathane diterpenoids
Terpenoids,Diterpenoids,Prenyleudesmane diterpenoids
Terpenoids,Triterpenoids,Neohopane triterpenoids
Terpenoids,Monoterpenoids,Monocyclic monoterpenoids
Terpenoids,Monoterpenoids,Secoiridoid monoterpenoids
Terpenoids,Triterpenoids,"Lanostane, Tirucallane and Euphane triterpenoids"
Terpenoids,Sesquiterpenoids,Brasilane sesquiterpenoids
Terpenoids,Monoterpenoids,Pinane monoterpenoids
Terpenoids,Diterpenoids,Verticillane diterpenoids
Terpenoids,Diterpenoids,Atisane diterpenoids
Terpenoids,Sesquiterpenoids,Cuparane sesquiterpenoids
Terpenoids,Sesquiterpenoids,Eudesmane sesquiterpenoids
Terpenoids,Sesquiterpenoids,Zizaane sesquiterpenoids
Terpenoids,Diterpenoids,Sphenolobane diterpenoids
Terpenoids,Meroterpenoids,Meromonoterpenoids
Terpenoids,Sesquiterpenoids,Daucane sesquiterpenoids
Terpenoids,Diterpenoids,Secokaurane diterpenoids
Terpenoids,Apocarotenoids,Apocarotenoids (β-)
Terpenoids,Sesquiterpenoids,Cycloeudesmane sesquiterpenoids
Terpenoids,Steroids,Estrane steroids
Terpenoids,Sesquiterpenoids,Botryane sesquiterpenoids
Terpenoids,Sesquiterpenoids,Humulane sesquiterpenoids
Terpenoids,Diterpenoids,Podocarpane diterpenoids
Terpenoids,Sesquiterpenoids,Campherenane sesquiterpenoids
Terpenoids,Sesquiterpenoids,Copacamphane sesquiterpenoids
Terpenoids,Sesquiterpenoids,Dunniane sesquiterpenoids
Terpenoids,Sesquiterpenoids,Gorgonane sesquiterpenoids
Terpenoids,Sesquiterpenoids,Ishwarane sesquiterpenoids
Terpenoids,Sesquiterpenoids,Isolactarane sesquiterpenoids
Terpenoids,Diterpenoids,Pimarane and Isopimarane diterpenoids
Terpenoids,Triterpenoids,Friedelane triterpenoids
Terpenoids,Triterpenoids,Stictane triterpenoids
Terpenoids,Sesquiterpenoids,Cadinane sesquiterpenoids
Terpenoids,Sesquiterpenoids,Noreudesmane sesquiterpenoids
Terpenoids,Diterpenoids,Cleistanthane diterpenoids
Terpenoids,Sesquiterpenoids,Copaane sesquiterpenoids
Terpenoids,Sesquiterpenoids,Secoeudesmane sesquiterpenoids
Terpenoids,Sesquiterpenoids,Acorane sesquiterpenoids
Terpenoids,Sesquiterpenoids,Cubebane sesquiterpenoids
Terpenoids,Sesquiterpenoids,Cyclolaurane sesquiterpenoids
Terpenoids,Sesquiterpenoids,Humbertiane sesquiterpenoids
Terpenoids,Sesquiterpenoids,Isodaucane sesquiterpenoids
Terpenoids,Diterpenoids,Icetexane diterpenoids
Terpenoids,Triterpenoids,Gammacerane triterpenoids
Terpenoids,Apocarotenoids,Megastigmanes
Terpenoids,Diterpenoids,Phytane diterpenoids
Terpenoids,Apocarotenoids,Miscellaneous apocarotenoids
Terpenoids,Diterpenoids,Secoabietane diterpenoids
Terpenoids,Sesquiterpenoids,Caryophyllane sesquiterpenoids
Terpenoids,Sesquiterpenoids,Homofarnesane sesquiterpenoids
Terpenoids,Sesquiterpenoids,Longibornane sesquiterpenoids
Terpenoids,Sesquiterpenoids,Pacifigorgiane sesquiterpenoids
Terpenoids,Sesquiterpenoids,Valerane sesquiterpenoids
Terpenoids,Diterpenoids,Abeoabietane diterpenoids
Terpenoids,Diterpenoids,Sphaeroane diterpenoids
Terpenoids,Carotenoids (C40),"Carotenoids (C40, β-γ)"
Terpenoids,Carotenoids (C40),"Carotenoids (C40, ε-ε)"
Terpenoids,Sesquiterpenoids,Drimane sesquiterpenoids
Terpenoids,Monoterpenoids,Camphane monoterpenoids
Terpenoids,Sesquiterpenoids,Longifolane sesquiterpenoids
Terpenoids,Sesquiterpenoids,Farnesane sesquiterpenoids
Terpenoids,Monoterpenoids,Fenchane monoterpenoids
Terpenoids,Sesquiterpenoids,Prezizaane sesquiterpenoids
Terpenoids,Sesquiterpenoids,Protoilludane sesquiterpenoids
Terpenoids,Diterpenoids,Valparane diterpenoids
Terpenoids,Diterpenoids,Norpimarane and Norisopimarane diterpenoids
Terpenoids,Sesquiterpenoids,Hirsutane sesquiterpenoids
Terpenoids,Diterpenoids,Norlabdane diterpenoids
Terpenoids,Sesquiterpenoids,Bourbonane sesquiterpenoids
Terpenoids,Sesquiterpenoids,Thapsane sesquiterpenoids
Terpenoids,Diterpenoids,Cyclophytane diterpenoids
Terpenoids,Sesquiterpenoids,Secogermacrane sesquiterpenoids
Terpenoids,Diterpenoids,Cycloamphilectane diterpenoids
