superclass_id,superclass,pathway_id
1,Ornithine alkaloids,1
2,Tyrosine alkaloids,1
3,Tyrosine alkaloids,1
4,Tyrosine alkaloids,1
5,Tryptophan alkaloids,1
6,Tryptophan alkaloids,1
7,Anthranilic acid alkaloids,1
8,Guanidine alkaloids,1
9,Guanidine alkaloids,1
10,Guanidine alkaloids,1
11,Guanidine alkaloids,1
12,Guanidine alkaloids,1
13,Pseudoalkaloids,1
14,Pseudoalkaloids,1
15,Pseudoalkaloids,1
16,Peptide alkaloids,1
17,Peptide alkaloids,1
18,Peptide alkaloids,1
19,Tetramate alkaloids,1
20,Tetramate alkaloids,1
21,Tetramate alkaloids,1
22,Mitomycin derivatives,1
23,Proline alkaloids,1
24,Tryptophan alkaloids,1
25,Peptide alkaloids,1
26,Tryptophan alkaloids,1
27,Tyrosine alkaloids,1
28,Guanidine alkaloids,1
29,Tyrosine alkaloids,1
30,Tryptophan alkaloids,1
31,Tryptophan alkaloids,1
32,Tryptophan alkaloids,1
33,Ornithine alkaloids,1
34,Pseudoalkaloids,1
35,Anthranilic acid alkaloids,1
36,Tryptophan alkaloids,1
37,Tyrosine alkaloids,1
38,Lysine alkaloids,1
39,Tyrosine alkaloids,1
40,Tryptophan alkaloids,1
41,Serine alkaloids,1
42,Pseudoalkaloids,1
43,Tyrosine alkaloids,1
44,Ornithine alkaloids,1
45,Tryptophan alkaloids,1
46,Pseudoalkaloids,1
47,Miscellaneous alkaloids,1
48,Pseudoalkaloids,1
49,Anthranilic acid alkaloids,1
50,Ornithine alkaloids,1
51,Tyrosine alkaloids,1
52,Tyrosine alkaloids,1
53,Pseudoalkaloids,1
54,Anthranilic acid alkaloids,1
55,Tyrosine alkaloids,1
56,Tryptophan alkaloids,1
57,Tryptophan alkaloids,1
58,Pseudoalkaloids,1
59,Peptide alkaloids,1
60,Tyrosine alkaloids,1
61,Anthranilic acid alkaloids,1
62,Peptide alkaloids,1
63,Peptide alkaloids,1
64,Tryptophan alkaloids,1
65,Nicotinic acid alkaloids,1
66,Pseudoalkaloids,1
67,Lysine alkaloids,1
68,Tyrosine alkaloids,1
69,Tyrosine alkaloids,1
70,Tryptophan alkaloids,1
71,Anthranilic acid alkaloids,1
72,Histidine alkaloids,1
73,Peptide alkaloids,1
74,Tetramate alkaloids,1
75,Peptide alkaloids,1
76,Tyrosine alkaloids,1
77,Tyrosine alkaloids,1
78,Ornithine alkaloids,1
79,Proline alkaloids,1
80,Lysine alkaloids,1
81,Guanidine alkaloids,1
82,Tryptophan alkaloids,1
83,Pseudoalkaloids,1
84,Macrolides,2
85,Macrolides,2
86,Macrolides,2
87,Macrolides,2
88,Macrolides,2
89,Linear polyketides,2
90,Linear polyketides,2
91,Cyclic polyketides,2
92,Peptide alkaloids,2
93,Peptide alkaloids,2
94,Peptide alkaloids,2
95,Tetramate alkaloids,2
96,Tetramate alkaloids,2
97,Mycosporine derivatives,2
98,Oligopeptides,2
99,Oligopeptides,2
100,Oligopeptides,2
101,Oligopeptides,2
102,Oligopeptides,2
103,Oligopeptides,2
104,Oligopeptides,2
105,Oligopeptides,2
106,Oligopeptides,2
107,β-lactams,2
108,β-lactams,2
109,β-lactams,2
110,β-lactams,2
111,β-lactams,2
112,β-lactams,2
113,Oligopeptides,2
114,Oligopeptides,2
115,Oligopeptides,2
116,Oligopeptides,2
117,Peptide alkaloids,2
118,Oligopeptides,2
119,Oligopeptides,2
120,Oligopeptides,2
121,Amino acid glycosides,2
122,Oligopeptides,2
123,Oligopeptides,2
124,Cyclic polyketides,2
125,Oligopeptides,2
126,Phenylpropanoids (C6-C3),2
127,Oligopeptides,2
128,Oligopeptides,2
129,Oligopeptides,2
130,Small peptides,2
131,Small peptides,2
132,Linear polyketides,2
133,Linear polyketides,2
134,Peptide alkaloids,2
135,Peptide alkaloids,2
136,Peptide alkaloids,2
137,Small peptides,2
138,Amino acid glycosides,2
139,Peptide alkaloids,2
140,Oligopeptides,2
141,Polyols,3
142,Nucleosides,3
143,Nucleosides,3
144,Saccharides,3
145,Saccharides,3
146,Saccharides,3
147,"Aminosugars and
aminoglycosides",3
148,Polyols,3
149,"Aminosugars and
aminoglycosides",3
150,Saccharides,3
151,Saccharides,3
152,Fatty Acids and Conjugates,4
153,Fatty Acids and Conjugates,4
154,Fatty Acids and Conjugates,4
155,Octadecanoids,4
156,Octadecanoids,4
157,Octadecanoids,4
158,Eicosanoids,4
159,Eicosanoids,4
160,Eicosanoids,4
161,Eicosanoids,4
162,Eicosanoids,4
163,Eicosanoids,4
164,Eicosanoids,4
165,Eicosanoids,4
166,Eicosanoids,4
167,Eicosanoids,4
168,Eicosanoids,4
169,Docosanoids,4
170,Docosanoids,4
171,Docosanoids,4
172,Fatty esters,4
173,Fatty esters,4
174,Fatty amides,4
175,Fatty acyls,4
176,Fatty acyl glycosides,4
177,Fatty acyl glycosides,4
178,Glycerolipids,4
179,Glycerolipids,4
180,Glycerophospholipids,4
181,Glycerophospholipids,4
182,Glycerophospholipids,4
183,Glycerophospholipids,4
184,Glycerophospholipids,4
185,Glycerophospholipids,4
186,Glycerophospholipids,4
187,Glycerophospholipids,4
188,Glycerophospholipids,4
189,Glycerophospholipids,4
190,Glycerophospholipids,4
191,Glycerophospholipids,4
192,Sphingolipids,4
193,Fatty acyls,4
194,Fatty acyls,4
195,Fatty acyls,4
196,Glycerolipids,4
197,Glycerophospholipids,4
198,Glycerophospholipids,4
199,Sphingolipids,4
200,Sphingolipids,4
201,Glycerolipids,4
202,Fatty acyl glycosides,4
203,Sphingolipids,4
204,Fatty esters,4
205,Fatty acyls,4
206,Fatty Acids and Conjugates,4
207,Eicosanoids,4
208,Fatty esters,4
209,Glycerolipids,4
210,Fatty Acids and Conjugates,4
211,Fatty Acids and Conjugates,4
212,Fatty acyls,4
213,Fatty amides,4
214,Fatty Acids and Conjugates,4
215,Fatty Acids and Conjugates,4
216,Fatty Acids and Conjugates,4
217,Fatty amides,4
218,Eicosanoids,4
219,Fatty Acids and Conjugates,4
220,Fatty Acids and Conjugates,4
221,Fatty Acids and Conjugates,4
222,Fatty Acids and Conjugates,4
223,Octadecanoids,4
224,Eicosanoids,4
225,Eicosanoids,4
226,Fatty esters,4
227,Sphingolipids,4
228,Fatty esters,4
229,Octadecanoids,4
230,Docosanoids,4
231,Fatty acyl glycosides,4
232,Fatty Acids and Conjugates,4
233,Fatty Acids and Conjugates,4
234,Eicosanoids,4
235,Fatty amides,4
236,Fatty acyls,4
237,Fatty esters,4
238,Macrolides,5
239,Macrolides,5
240,Macrolides,5
241,Macrolides,5
242,Macrolides,5
243,Macrolides,5
244,Macrolides,5
245,Macrolides,5
246,Macrolides,5
247,Macrolides,5
248,Macrolides,5
249,Macrolides,5
250,Macrolides,5
251,Macrolides,5
252,Macrolides,5
253,Linear polyketides,5
254,Linear polyketides,5
255,Linear polyketides,5
256,Linear polyketides,5
257,Linear polyketides,5
258,Chromanes,5
259,Cyclic polyketides,5
260,Cyclic polyketides,5
261,Cyclic polyketides,5
262,Alkylresorcinols,5
263,Alkylresorcinols,5
264,Chromanes,5
265,Aromatic polyketides,5
266,Aromatic polyketides,5
267,Aromatic polyketides,5
268,Aromatic polyketides,5
269,Aromatic polyketides,5
270,Meroterpenoids,5
271,"Polycyclic aromatic
polyketides",5
272,"Polycyclic aromatic
polyketides",5
273,"Polycyclic aromatic
polyketides",5
274,Phloroglucinols,5
275,Phloroglucinols,5
276,Naphthalenes,5
277,Polyethers,5
278,Tropolones,5
279,Diphenyl ethers (DPEs),5
280,Meroterpenoids,5
281,Meroterpenoids,5
282,Linear polyketides,5
283,Naphthalenes,5
284,"Polycyclic aromatic
polyketides",5
285,Aromatic polyketides,5
286,Macrolides,5
287,Macrolides,5
288,"Polycyclic aromatic
polyketides",5
289,Macrolides,5
290,Meroterpenoids,5
291,Macrolides,5
292,Aromatic polyketides,5
293,Linear polyketides,5
294,Aromatic polyketides,5
295,"Polycyclic aromatic
polyketides",5
296,Phloroglucinols,5
297,Phloroglucinols,5
298,Macrolides,5
299,Aromatic polyketides,5
300,"Polycyclic aromatic
polyketides",5
301,Oligopeptides,5
302,Cyclic polyketides,5
303,Aromatic polyketides,5
304,Cyclic polyketides,5
305,Cyclic polyketides,5
306,Polyethers,5
307,Cyclic polyketides,5
308,Macrolides,5
309,Polyethers,5
310,Chromanes,5
311,Linear polyketides,5
312,"Polycyclic aromatic
polyketides",5
313,Aromatic polyketides,5
314,Aromatic polyketides,5
315,Xanthones,5
316,Linear polyketides,5
317,Meroterpenoids,5
318,Linear polyketides,5
319,Cyclic polyketides,5
320,Phloroglucinols,5
321,Cyclic polyketides,5
322,Macrolides,5
323,Chromanes,5
324,Naphthalenes,5
325,Cyclic polyketides,5
326,Naphthalenes,5
327,Macrolides,5
328,Cyclic polyketides,5
329,Cyclic polyketides,5
330,Naphthalenes,5
331,Cyclic polyketides,5
332,Miscellaneous polyketides,5
333,Phenolic acids (C6-C1),6
334,Phenylpropanoids (C6-C3),6
335,Mycosporine derivatives,6
336,Lignans,6
337,Lignans,6
338,Lignans,6
339,Lignans,6
340,Coumarins,6
341,Diarylheptanoids,6
342,Fluorenes,6
343,Flavonoids,6
344,Flavonoids,6
345,Flavonoids,6
346,Flavonoids,6
347,Stilbenoids,6
348,Stilbenoids,6
349,Lignans,6
350,Isoflavonoids,6
351,Phenanthrenoids,6
352,Flavonoids,6
353,Flavonoids,6
354,Flavonoids,6
355,Styrylpyrones,6
356,Flavonoids,6
357,Lignans,6
358,Diarylheptanoids,6
359,Flavonoids,6
360,Flavonoids,6
361,Xanthones,6
362,Coumarins,6
363,Diarylheptanoids,6
364,Flavonoids,6
365,Flavonoids,6
366,Stilbenoids,6
367,Isoflavonoids,6
368,Isoflavonoids,6
369,Isoflavonoids,6
370,Phenylpropanoids (C6-C3),6
371,Terphenyls,6
372,Phenolic acids (C6-C1),6
373,Phenylethanoids (C6-C2),6
374,Coumarins,6
375,Isoflavonoids,6
376,Flavonoids,6
377,Terphenyls,6
378,"Diazotetronic acids and
derivatives",6
379,Coumarins,6
380,Small peptides,6
381,Coumarins,6
382,Isoflavonoids,6
383,Isoflavonoids,6
384,Tropolones,6
385,Lignans,6
386,Stilbenoids,6
387,Flavonoids,6
388,Lignans,6
389,Flavonoids,6
390,Lignans,6
391,Phenolic acids (C6-C1),6
392,Phenolic acids (C6-C1),6
393,Lignans,6
394,Diterpenoids,7
395,Meroterpenoids,7
396,Phloroglucinols,7
397,Polyethers,7
398,Sesquiterpenoids,7
399,Sesquiterpenoids,7
400,Sesquiterpenoids,7
401,Sesquiterpenoids,7
402,Sesquiterpenoids,7
403,Sesquiterpenoids,7
404,Sesquiterpenoids,7
405,Sesquiterpenoids,7
406,Sesquiterpenoids,7
407,Sesquiterpenoids,7
408,Sesquiterpenoids,7
409,Sesquiterpenoids,7
410,Sesquiterpenoids,7
411,Sesquiterpenoids,7
412,Sesquiterpenoids,7
413,Sesquiterpenoids,7
414,Sesquiterpenoids,7
415,Sesquiterpenoids,7
416,Sesquiterpenoids,7
417,Sesquiterpenoids,7
418,Sesquiterpenoids,7
419,Sesquiterpenoids,7
420,Sesquiterpenoids,7
421,Sesquiterpenoids,7
422,Sesquiterpenoids,7
423,Sesquiterpenoids,7
424,Sesquiterpenoids,7
425,Sesquiterpenoids,7
426,Sesquiterpenoids,7
427,Diterpenoids,7
428,Diterpenoids,7
429,Diterpenoids,7
430,Diterpenoids,7
431,Diterpenoids,7
432,Diterpenoids,7
433,Diterpenoids,7
434,Diterpenoids,7
435,Diterpenoids,7
436,Diterpenoids,7
437,Diterpenoids,7
438,Diterpenoids,7
439,Diterpenoids,7
440,Diterpenoids,7
441,Diterpenoids,7
442,Diterpenoids,7
443,Diterpenoids,7
444,Diterpenoids,7
445,Diterpenoids,7
446,Diterpenoids,7
447,Diterpenoids,7
448,Diterpenoids,7
449,Diterpenoids,7
450,Diterpenoids,7
451,Diterpenoids,7
452,Diterpenoids,7
453,Diterpenoids,7
454,Diterpenoids,7
455,Diterpenoids,7
456,Diterpenoids,7
457,Diterpenoids,7
458,Diterpenoids,7
459,Diterpenoids,7
460,Sesterterpenoids,7
461,Sesterterpenoids,7
462,Sesterterpenoids,7
463,Sesterterpenoids,7
464,Sesterterpenoids,7
465,Triterpenoids,7
466,Triterpenoids,7
467,Triterpenoids,7
468,Triterpenoids,7
469,Triterpenoids,7
470,Triterpenoids,7
471,Triterpenoids,7
472,Triterpenoids,7
473,Steroids,7
474,Carotenoids (C40),7
475,Carotenoids (C40),7
476,Carotenoids (C40),7
477,Carotenoids (C40),7
478,Carotenoids (C40),7
479,Carotenoids (C40),7
480,Carotenoids (C40),7
481,Carotenoids (C40),7
482,Carotenoids (C40),7
483,Carotenoids (C40),7
484,Carotenoids (C40),7
485,Carotenoids (C45),7
486,Carotenoids (C45),7
487,Carotenoids (C50),7
488,Carotenoids (C50),7
489,Carotenoids (C50),7
490,Apocarotenoids,7
491,Polyprenols,7
492,Polyprenols,7
493,Polyprenols,7
494,Meroterpenoids,7
495,Meroterpenoids,7
496,Meroterpenoids,7
497,Meroterpenoids,7
498,Diterpenoids,7
499,Meroterpenoids,7
500,Sesquiterpenoids,7
501,Meroterpenoids,7
502,Steroids,7
503,Triterpenoids,7
504,Triterpenoids,7
505,Triterpenoids,7
506,Steroids,7
507,Diterpenoids,7
508,Diterpenoids,7
509,Triterpenoids,7
510,Sesquiterpenoids,7
511,Tryptophan alkaloids,7
512,Meroterpenoids,7
513,Diterpenoids,7
514,Sesterterpenoids,7
515,Carotenoids (C40),7
516,Sesquiterpenoids,7
517,Triterpenoids,7
518,Sesquiterpenoids,7
519,Sesterterpenoids,7
520,Carotenoids (C40),7
521,Diterpenoids,7
522,Sesquiterpenoids,7
523,Meroterpenoids,7
524,Sesquiterpenoids,7
525,Pseudoalkaloids,7
526,Triterpenoids,7
527,Triterpenoids,7
528,Triterpenoids,7
529,Triterpenoids,7
530,Diterpenoids,7
531,Sesquiterpenoids,7
532,Diterpenoids,7
533,Sesquiterpenoids,7
534,Sesquiterpenoids,7
535,Diterpenoids,7
536,Diterpenoids,7
537,Sesterterpenoids,7
538,Steroids,7
539,Steroids,7
540,Triterpenoids,7
541,Diterpenoids,7
542,Sesquiterpenoids,7
543,Diterpenoids,7
544,Diterpenoids,7
545,Steroids,7
546,Sesquiterpenoids,7
547,Sesquiterpenoids,7
548,Sesquiterpenoids,7
549,Diterpenoids,7
550,Diterpenoids,7
551,Diterpenoids,7
552,Triterpenoids,7
553,Triterpenoids,7
554,Carotenoids (C40),7
555,Diterpenoids,7
556,Triterpenoids,7
557,Steroids,7
558,Sesquiterpenoids,7
559,Sesquiterpenoids,7
560,Diterpenoids,7
561,Triterpenoids,7
562,Triterpenoids,7
563,Carotenoids (C50),7
564,Monoterpenoids,7
565,Diterpenoids,7
566,Diterpenoids,7
567,Pseudoalkaloids,7
568,Triterpenoids,7
569,Monoterpenoids,7
570,Steroids,7
571,Steroids,7
572,Monoterpenoids,7
573,Sesquiterpenoids,7
574,Sesquiterpenoids,7
575,Sesquiterpenoids,7
576,Diterpenoids,7
577,Diterpenoids,7
578,Steroids,7
579,Sesquiterpenoids,7
580,Apocarotenoids,7
581,Diterpenoids,7
582,Sesquiterpenoids,7
583,Sesquiterpenoids,7
584,Diterpenoids,7
585,Sesterterpenoids,7
586,Triterpenoids,7
587,Sesquiterpenoids,7
588,Sesquiterpenoids,7
589,Diterpenoids,7
590,Meroterpenoids,7
591,Sesquiterpenoids,7
592,Diterpenoids,7
593,Sesterterpenoids,7
594,Sesquiterpenoids,7
595,Sesquiterpenoids,7
596,Diterpenoids,7
597,Steroids,7
598,Sesquiterpenoids,7
599,Diterpenoids,7
600,Diterpenoids,7
601,Triterpenoids,7
602,Diterpenoids,7
603,Sesquiterpenoids,7
604,Sesquiterpenoids,7
605,Triterpenoids,7
606,Sesquiterpenoids,7
607,Diterpenoids,7
608,Diterpenoids,7
609,Diterpenoids,7
610,Steroids,7
611,Steroids,7
612,Monoterpenoids,7
613,Monoterpenoids,7
614,Sesquiterpenoids,7
615,Sesquiterpenoids,7
616,Sesquiterpenoids,7
617,Diterpenoids,7
618,Diterpenoids,7
619,Diterpenoids,7
620,Diterpenoids,7
621,Diterpenoids,7
622,Triterpenoids,7
623,Monoterpenoids,7
624,Monoterpenoids,7
625,Triterpenoids,7
626,Sesquiterpenoids,7
627,Monoterpenoids,7
628,Diterpenoids,7
629,Diterpenoids,7
630,Sesquiterpenoids,7
631,Sesquiterpenoids,7
632,Sesquiterpenoids,7
633,Diterpenoids,7
634,Meroterpenoids,7
635,Sesquiterpenoids,7
636,Diterpenoids,7
637,Apocarotenoids,7
638,Sesquiterpenoids,7
639,Steroids,7
640,Sesquiterpenoids,7
641,Sesquiterpenoids,7
642,Diterpenoids,7
643,Sesquiterpenoids,7
644,Sesquiterpenoids,7
645,Sesquiterpenoids,7
646,Sesquiterpenoids,7
647,Sesquiterpenoids,7
648,Sesquiterpenoids,7
649,Diterpenoids,7
650,Triterpenoids,7
651,Triterpenoids,7
652,Sesquiterpenoids,7
653,Sesquiterpenoids,7
654,Diterpenoids,7
655,Sesquiterpenoids,7
656,Sesquiterpenoids,7
657,Sesquiterpenoids,7
658,Sesquiterpenoids,7
659,Sesquiterpenoids,7
660,Sesquiterpenoids,7
661,Sesquiterpenoids,7
662,Diterpenoids,7
663,Triterpenoids,7
664,Apocarotenoids,7
665,Diterpenoids,7
666,Apocarotenoids,7
667,Diterpenoids,7
668,Sesquiterpenoids,7
669,Sesquiterpenoids,7
670,Sesquiterpenoids,7
671,Sesquiterpenoids,7
672,Sesquiterpenoids,7
673,Diterpenoids,7
674,Diterpenoids,7
675,Carotenoids (C40),7
676,Carotenoids (C40),7
677,Sesquiterpenoids,7
678,Monoterpenoids,7
679,Sesquiterpenoids,7
680,Sesquiterpenoids,7
681,Monoterpenoids,7
682,Sesquiterpenoids,7
683,Sesquiterpenoids,7
684,Diterpenoids,7
685,Diterpenoids,7
686,Sesquiterpenoids,7
687,Diterpenoids,7
688,Sesquiterpenoids,7
689,Sesquiterpenoids,7
690,Diterpenoids,7
691,Sesquiterpenoids,7
692,Diterpenoids,7
