compound_id,class_id
1,507
2,472
3,33
4,472
5,529
6,339
7,31
8,322
9,472
10,124
11,322
12,584
13,331
14,350
15,472
17,323
18,507
19,342
20,472
21,590
22,322
23,342
24,464
25,582
26,322
27,547
28,507
29,217
30,561
31,340
32,541
33,547
36,337
37,504
38,323
39,349
41,502
42,323
43,479
44,133
47,521
48,323
49,322
50,335
52,310
53,590
54,310
56,300
57,349
59,472
60,337
61,590
62,468
63,488
64,33
65,539
66,590
67,340
68,600
70,561
71,50
72,322
73,594
75,467
76,469
78,529
79,322
81,541
82,197
83,290
84,472
85,472
86,337
87,472
88,330
89,576
90,323
91,345
92,335
93,609
94,556
95,60
96,469
97,594
98,467
100,518
101,531
102,340
103,468
105,203
106,523
107,507
108,488
109,407
110,65
111,322
112,547
113,340
114,507
115,547
116,203
117,326
118,332
119,337
120,323
121,335
122,466
123,466
124,322
125,569
126,60
127,547
128,351
129,507
130,340
132,323
133,323
134,274
135,203
136,576
137,590
139,342
141,584
142,342
143,622
144,333
145,410
146,410
147,507
148,336
150,547
152,337
153,468
154,507
155,323
156,466
157,507
158,33
159,33
160,531
162,330
164,529
166,609
167,594
168,43
170,359
171,272
172,547
173,135
174,43
175,590
177,342
178,203
180,323
181,467
182,342
183,342
185,372
186,590
187,488
189,355
191,43
192,590
193,323
194,547
195,576
196,541
197,327
198,304
199,80
201,567
202,404
203,339
204,541
205,43
206,507
207,558
208,322
209,525
211,472
212,324
213,594
214,409
215,369
217,547
218,611
219,466
220,50
221,507
222,326
223,561
224,472
227,548
228,75
229,372
231,567
232,350
234,335
236,293
237,70
238,80
239,123
240,323
241,322
244,472
245,360
246,335
247,342
248,644
249,350
250,351
251,339
252,528
253,322
254,350
255,472
256,359
258,529
259,608
261,322
262,517
263,291
264,340
265,491
266,571
267,611
268,561
269,50
270,33
271,507
273,466
274,340
275,526
277,359
278,322
279,608
281,309
282,611
283,468
284,60
285,322
286,472
287,547
288,468
289,323
290,33
293,322
295,590
296,337
298,472
299,219
300,342
301,479
302,322
303,547
304,518
305,466
306,340
307,507
308,637
309,483
311,507
312,561
314,203
315,507
316,337
317,594
318,324
319,556
320,472
321,636
322,569
323,467
324,350
325,300
326,333
327,571
328,468
329,322
330,322
331,608
332,344
333,323
334,590
335,571
336,369
337,350
338,608
339,322
340,300
341,548
343,323
344,547
346,439
347,326
348,518
349,469
351,531
352,547
353,547
354,507
355,507
357,297
358,516
360,550
362,336
363,547
365,360
366,466
368,274
369,541
370,323
371,135
372,340
373,576
374,359
375,548
376,322
377,272
378,337
380,322
382,547
383,644
384,594
385,466
386,351
387,216
388,571
389,304
390,571
391,528
393,322
395,322
396,590
397,479
398,576
399,507
402,507
403,507
404,466
405,322
406,639
408,507
409,342
410,590
411,468
413,547
414,34
415,294
416,529
418,274
419,529
420,35
421,468
422,342
423,547
424,60
426,472
427,469
428,472
429,349
430,518
431,506
432,636
433,472
434,531
435,562
436,547
437,507
438,507
439,340
440,594
442,518
443,340
444,590
446,322
447,590
448,529
449,529
450,547
451,322
452,274
453,514
454,547
455,335
456,359
457,571
458,330
459,323
460,506
461,549
462,616
463,590
464,608
465,611
466,472
467,608
468,321
469,547
470,594
471,322
472,33
473,326
475,590
476,340
477,529
479,197
480,326
481,583
482,467
483,342
484,571
485,576
486,322
487,351
488,60
489,203
490,70
491,490
492,571
493,209
495,360
496,332
497,491
499,326
500,323
501,469
502,590
503,550
504,297
505,468
506,50
508,590
509,529
510,197
511,350
512,547
513,344
514,323
515,342
516,472
517,472
519,350
520,350
521,340
522,359
524,310
525,472
527,541
528,539
530,33
531,472
532,594
533,323
534,335
535,623
536,123
537,372
538,350
539,488
540,304
541,323
542,395
543,43
544,547
546,491
547,548
548,590
549,467
550,359
552,335
553,570
554,50
555,611
556,310
557,528
558,323
559,590
560,322
561,322
562,547
564,576
565,576
566,322
567,323
568,322
569,197
570,472
571,564
572,332
573,590
574,547
575,547
576,48
578,359
579,547
580,350
581,547
582,639
583,565
586,582
587,60
588,322
589,622
590,611
592,488
593,337
595,323
596,340
597,323
598,547
599,627
600,561
601,561
602,507
603,80
604,531
605,529
606,340
608,340
609,584
610,493
611,547
612,529
613,65
614,298
615,576
617,360
618,322
619,194
620,33
621,50
622,345
624,339
625,582
626,541
627,541
629,33
630,322
631,322
633,244
634,550
635,608
636,43
637,289
638,80
639,517
640,322
642,469
643,323
644,467
645,342
647,501
648,472
649,359
650,194
651,507
652,505
654,50
655,325
658,374
659,38
660,590
661,220
662,488
664,33
665,350
667,472
668,343
669,323
670,337
671,323
672,337
673,623
674,60
675,50
676,590
677,350
678,323
679,571
680,274
681,322
682,594
684,584
685,472
686,275
687,330
689,340
690,286
691,466
692,350
693,322
694,529
695,326
696,472
697,518
698,469
699,472
702,217
703,571
704,359
705,571
707,541
709,354
710,584
711,195
712,466
713,578
714,342
715,590
716,575
717,536
718,505
719,590
721,289
722,578
723,469
724,576
726,590
727,33
728,547
729,33
730,331
731,521
732,590
733,472
734,636
735,220
736,343
737,340
739,584
740,507
741,483
742,195
743,337
744,608
745,507
746,518
747,52
748,322
750,540
752,547
753,335
754,541
755,590
756,33
757,576
758,337
759,60
760,322
761,472
762,322
763,590
764,472
766,321
767,488
768,44
769,472
770,340
771,547
772,322
773,323
774,322
775,323
776,472
777,547
778,194
780,529
781,623
782,507
783,78
784,472
785,507
786,583
787,111
789,322
790,323
791,70
792,359
793,323
795,322
796,330
797,342
798,578
799,322
800,549
801,369
802,50
803,322
804,372
806,616
807,322
808,617
809,323
810,342
811,342
812,439
813,576
814,195
815,590
816,203
817,507
818,322
820,468
821,322
823,323
826,43
827,42
828,322
829,337
830,532
831,52
832,351
833,541
834,323
836,472
837,466
838,60
839,468
840,590
841,359
843,540
844,194
845,359
846,322
847,467
849,561
850,515
851,507
852,583
853,529
854,350
855,611
856,294
857,439
858,590
859,217
860,483
861,44
862,593
863,491
864,611
865,322
866,359
867,351
868,466
869,332
870,70
871,346
872,337
874,323
876,60
877,547
878,349
879,44
880,472
882,322
883,337
884,407
885,323
886,468
887,323
888,506
889,472
890,518
891,60
892,507
893,472
894,340
895,646
896,516
897,50
898,547
899,340
900,359
901,369
902,547
903,468
904,584
905,33
906,323
908,323
909,472
910,569
911,547
912,556
913,590
915,279
916,322
917,550
919,608
920,337
922,571
923,322
924,469
925,48
926,567
927,547
928,467
929,467
930,608
931,567
932,323
933,637
934,326
935,571
936,547
937,516
938,583
939,639
940,326
941,479
942,323
945,541
946,274
947,323
948,78
950,636
951,130
952,323
954,380
955,322
956,501
957,322
959,594
960,323
961,33
962,594
963,528
964,322
965,547
966,590
967,194
968,324
969,372
970,322
971,466
972,322
973,466
975,531
976,556
977,466
978,507
979,340
980,479
982,576
983,322
985,322
986,322
987,547
988,550
989,359
990,547
991,323
992,321
993,60
994,567
995,70
996,541
997,547
998,244
999,479
1000,594
1001,547
1002,589
1003,335
1004,323
1005,518
1006,322
1007,576
1008,410
1009,439
1010,360
1011,507
1012,507
1013,469
1014,550
1015,472
1016,627
1017,571
1018,197
1019,507
1020,124
1021,60
1022,35
1023,322
1025,359
1026,507
1027,570
1028,472
1030,345
1031,529
1032,590
1033,518
1034,547
1035,322
1036,342
1038,322
1039,322
1040,132
1041,518
1042,323
1043,350
1044,525
1045,197
1046,600
1047,507
1049,466
1050,410
1051,507
1052,80
1053,483
1054,514
1055,326
1056,50
1057,71
1058,557
1059,547
1061,322
1062,472
1063,322
1064,50
1065,608
1066,594
1068,323
1069,466
1071,350
1072,596
1073,335
1074,337
1076,636
1077,632
1078,349
1079,323
1080,472
1081,322
1082,297
1083,323
1084,547
1085,322
1086,81
1087,576
1088,590
1089,547
1090,322
1092,469
1093,322
1094,322
1095,567
1098,342
1099,547
1101,507
1103,355
1104,507
1105,507
1106,472
1107,561
1108,359
1109,323
1111,203
1112,570
1113,507
1114,323
1116,590
1117,601
1118,531
1119,631
1120,472
1121,547
1122,576
1123,322
1124,322
1125,609
1126,350
1127,322
1128,608
1129,590
1131,468
1132,472
1133,322
1134,623
1135,339
1137,350
1138,547
1139,467
1140,531
1141,472
1142,356
1143,472
1144,342
1145,322
1146,590
1147,611
1148,322
1149,350
1150,583
1151,547
1152,43
1153,70
1154,590
1155,315
1157,322
1158,76
1159,124
1160,403
1162,322
1163,80
1164,72
1165,322
1166,342
1167,130
1168,33
1169,507
1170,529
1173,33
1174,547
1175,541
1176,541
1177,490
1178,342
1179,53
1180,637
1181,547
1182,322
1183,594
1184,566
1185,518
1186,547
1187,197
1188,529
1189,507
1190,50
1191,583
1192,342
1193,350
1194,531
1195,323
1196,541
1197,507
1201,472
1202,310
1203,322
1204,322
1205,609
1206,322
1207,335
1208,322
1211,322
1212,541
1213,279
1214,111
1215,472
1216,472
1217,547
1218,322
1219,322
1220,351
1221,548
1222,547
1224,479
1225,472
1226,342
1227,528
1228,590
1230,324
1231,197
1232,507
1233,583
1234,355
1235,507
1236,284
1237,561
1238,529
1239,583
1242,463
1243,468
1244,43
1245,323
1246,342
1247,608
1248,567
1249,322
1250,590
1251,547
1252,342
1253,571
1254,469
1255,60
1256,279
1257,350
1259,547
1260,576
1261,468
1262,561
1263,467
1264,479
1265,372
1266,507
1267,569
1268,472
1269,516
1270,350
1271,323
1273,571
1274,467
1275,336
1276,590
1277,322
1278,335
1279,507
1280,480
1281,50
1282,374
1283,197
1284,529
1285,547
1286,322
1287,518
1288,505
1290,391
1291,322
1292,322
1293,201
1294,327
1296,271
1297,472
1298,322
1300,507
1301,60
1303,310
1305,25
1306,507
1307,507
1308,472
1309,557
1310,60
1311,359
1312,304
1314,330
1315,322
1316,490
1317,34
1318,650
1319,340
1320,274
1322,340
1323,322
1324,43
1325,472
1326,576
1327,50
1328,297
1329,323
1330,32
1331,540
1332,547
1333,590
1334,71
1335,322
1336,479
1337,289
1338,601
1339,50
1341,584
1342,488
1343,323
1345,507
1346,342
1347,349
1348,632
1349,547
1350,611
1351,194
1352,590
1354,529
1355,561
1356,561
1357,50
1358,488
1359,335
1360,547
1361,590
1362,322
1363,548
1365,322
1367,287
1368,547
1369,323
1370,570
1371,335
1372,466
1373,472
1374,335
1375,61
1376,323
1377,590
1379,323
1380,322
1381,507
1382,518
1383,547
1384,507
1387,36
1388,185
1390,330
1391,332
1392,467
1396,31
1397,518
1398,541
1399,590
1401,472
1402,274
1403,322
1404,323
1405,507
1406,601
1407,342
1409,297
1412,547
1413,504
1414,472
1416,564
1417,608
1418,507
1420,337
1421,547
1422,576
1423,488
1424,50
1425,584
1426,203
1427,194
1428,611
1429,611
1431,590
1432,507
1433,507
1434,541
1435,197
1436,479
1437,561
1438,507
1439,354
1440,646
1441,322
1442,322
1444,335
1445,639
1447,350
1449,354
1451,616
1452,576
1453,77
1454,611
1455,71
1456,50
1458,322
1459,274
1460,326
1461,350
1462,472
1463,466
1464,590
1465,409
1466,467
1467,322
1468,548
1469,506
1470,335
1471,571
1472,627
1473,507
1474,530
1476,540
1477,50
1478,50
1479,507
1480,570
1481,531
1484,323
1488,571
1489,469
1490,323
1491,547
1492,507
1493,323
1494,472
1495,547
1496,350
1497,594
1498,590
1499,323
1500,404
1501,650
1502,48
1503,330
1504,547
1505,505
1506,467
1507,547
1508,322
1509,350
1510,505
1511,284
1512,335
1513,547
1514,322
1515,124
1516,342
1518,80
1520,529
1521,472
1523,507
1524,197
1525,60
1526,491
1527,322
1528,636
1529,294
1530,322
1531,608
1532,594
1533,322
1534,322
1535,323
1536,472
1537,469
1538,70
1539,194
1541,469
1542,337
1543,342
1545,350
1546,472
1547,518
1548,518
1549,558
1550,590
1551,611
1552,374
1553,60
1554,60
1556,340
1557,507
1558,466
1559,466
1560,547
1562,567
1563,472
1564,80
1566,468
1567,32
1568,330
1569,70
1570,323
1572,507
1573,274
1574,547
1575,550
1576,556
1577,300
1578,547
1579,600
1580,322
1581,504
1583,566
1584,323
1585,518
1586,547
1587,326
1588,507
1589,627
1590,340
1591,472
1592,600
1593,340
1594,516
1596,583
1597,547
1598,322
1599,590
1601,323
1602,111
1603,472
1604,189
1605,488
1606,309
1607,195
1608,571
1609,351
1610,323
1611,323
1612,52
1613,614
1614,342
1616,337
1618,323
1619,271
1622,31
1623,342
1624,547
1625,330
1626,50
1627,350
1629,340
1630,507
1632,627
1633,570
1634,33
1635,561
1636,514
1637,491
1638,323
1639,342
1640,322
1641,506
1642,541
1643,337
1644,507
1645,323
1646,322
1648,340
1649,135
1651,197
1652,43
1653,360
1654,359
1655,590
1656,335
1658,350
1659,50
1661,322
1662,60
1664,322
1665,337
1666,536
1667,216
1668,323
1669,322
1670,472
1671,547
1672,342
1673,584
1675,507
1678,561
1679,324
1681,608
1683,322
1684,466
1685,339
1686,472
1687,322
1689,567
1692,70
1693,578
1694,322
1695,469
1696,466
1697,309
1698,404
1699,505
1700,590
1701,332
1702,576
1703,547
1705,547
1706,472
1707,350
1708,336
1709,322
1710,467
1711,439
1712,472
1713,468
1714,359
1715,582
1717,529
1718,547
1719,514
1720,119
1721,336
1722,571
1724,466
1725,586
1726,439
1727,590
1728,274
1729,331
1730,569
1731,322
1732,206
1733,507
1734,572
1735,571
1736,469
1737,439
1738,479
1739,322
1740,323
1741,322
1743,541
1744,611
1745,389
1746,337
1747,547
1748,507
1750,549
1752,611
1753,590
1754,549
1756,547
1757,614
1758,130
1759,323
1760,340
1761,297
1763,342
1764,518
1765,479
1766,50
1767,275
1768,342
1769,594
1770,472
1771,342
1772,596
1773,507
1774,507
1775,507
1776,507
1777,507
1778,50
1779,203
1781,33
1782,340
1783,322
1784,488
1785,547
1786,586
1787,359
1790,322
1791,547
1792,576
1793,549
1794,479
1795,467
1796,322
1797,529
1798,344
1799,323
1801,529
1802,194
1803,197
1804,80
1805,323
1806,323
1807,550
1808,323
1809,343
1810,590
1811,324
1812,614
1813,340
1814,507
1815,529
1816,326
1817,623
1818,529
1819,340
1822,60
1823,369
1824,590
1825,547
1826,50
1828,323
1831,342
1832,324
1834,359
1835,80
1836,323
1837,322
1838,608
1839,330
1840,322
1841,309
1844,541
1845,466
1846,343
1847,600
1848,33
1850,590
1851,571
1852,359
1853,194
1854,204
1856,119
1857,119
1858,627
1859,583
1860,541
1861,583
1863,201
1864,583
1865,201
1866,632
1867,323
1869,609
1871,567
1872,203
1874,517
1875,584
1876,71
1877,70
1878,479
1880,124
1881,298
1882,124
1883,541
1884,467
1885,556
1886,322
1887,439
1888,304
1889,323
1890,541
1891,488
1893,322
1894,571
1895,70
1897,472
1898,340
1899,335
1900,594
1901,547
1902,322
1903,413
1904,601
1905,342
1906,337
1907,60
1908,43
1909,340
1910,507
1911,195
1913,326
1914,491
1915,587
1916,80
1917,221
1918,578
1919,601
1920,468
1921,41
1922,322
1923,197
1924,638
1925,472
1927,322
1928,531
1929,467
1930,335
1931,578
1933,359
1934,197
1935,322
1936,567
1937,345
1938,339
1939,571
1940,480
1941,600
1942,352
1943,197
1944,342
1945,323
1946,550
1947,582
1948,531
1949,323
1950,488
1951,203
1952,324
1953,50
1954,518
1955,323
1957,518
1958,80
1959,483
1960,326
1961,50
1962,119
1963,310
1964,323
1965,326
1966,590
1967,468
1968,33
1969,350
1970,322
1971,361
1972,33
1973,289
1974,335
1975,36
1977,322
1978,626
1979,323
1980,536
1981,507
1982,569
1983,274
1984,590
1987,526
1988,469
1990,472
1991,472
1992,322
1994,194
1995,507
1996,340
1997,466
1998,466
1999,507
2000,466
2002,340
2003,516
2005,529
2006,340
2007,78
2008,507
2009,507
2010,216
2011,42
2012,531
2014,468
2015,330
2016,337
2019,322
2020,570
2021,541
2022,337
2023,322
2024,479
2025,600
2026,572
2027,547
2028,410
2029,78
2030,322
2031,547
2032,274
2033,342
2034,297
2035,590
2036,507
2037,567
2038,529
2040,472
2041,355
2042,648
2044,507
2045,529
2046,342
2047,611
2048,518
2051,323
2052,342
2054,331
2055,324
2058,638
2059,608
2060,332
2061,576
2063,322
2064,310
2065,38
2066,60
2067,297
2068,323
2069,342
2070,561
2071,547
2072,323
2073,608
2074,349
2075,623
2076,517
2077,547
2078,360
2079,305
2080,590
2081,488
2082,536
2083,33
2084,590
2085,119
2086,33
2087,507
2088,516
2090,547
2091,590
2092,611
2093,547
2094,360
2096,467
2097,529
2099,52
2100,335
2102,339
2103,335
2104,466
2105,322
2106,531
2107,594
2108,119
2109,374
2110,556
2114,323
2115,34
2116,403
2117,33
2118,528
2119,374
2120,493
2121,590
2122,547
2123,479
2124,321
2125,322
2126,334
2127,518
2128,33
2129,516
2130,507
2131,590
2132,50
2133,547
2134,352
2135,354
2136,201
2137,279
2138,244
2141,323
2142,601
2143,499
2144,274
2147,322
2148,590
2149,50
2150,594
2151,359
2152,467
2153,60
2154,549
2155,594
2156,322
2157,345
2158,472
2159,541
2160,323
2161,340
2162,34
2163,312
2164,472
2165,488
2166,547
2167,467
2168,342
2170,507
2171,594
2172,507
2174,335
2176,395
2178,322
2179,507
2180,359
2181,594
2182,593
2183,468
2184,467
2185,337
2186,472
2187,80
2188,43
2190,342
2191,525
2192,472
2193,337
2194,479
2196,343
2197,332
2198,525
2199,323
2200,350
2201,491
2202,339
2203,342
2204,576
2205,466
2206,488
2207,322
2208,518
2209,323
2210,322
2211,644
2212,44
2213,627
2214,570
2215,326
2216,583
2217,547
2218,340
2219,468
2220,548
2221,360
2222,467
2223,590
2224,632
2225,271
2226,245
2227,33
2231,323
2232,124
2233,529
2234,337
2235,290
2236,369
2237,323
2238,354
2239,330
2240,323
2241,359
2242,594
2243,323
2244,547
2245,547
2246,608
2247,590
2248,337
2249,576
2250,323
2251,547
2252,517
2253,518
2254,322
2255,472
2256,322
2257,590
2258,590
2259,548
2260,547
2261,583
2262,340
2263,507
2264,507
2265,567
2266,50
2267,529
2268,322
2269,345
2270,479
2271,323
2272,590
2273,468
2274,576
2275,571
2276,576
2277,330
2278,323
2282,322
2283,310
2284,337
2285,326
2286,647
2287,469
2288,310
2289,590
2290,342
2291,310
2292,361
2293,322
2295,345
2296,326
2297,372
2298,322
2299,531
2300,566
2301,323
2302,518
2304,547
2305,467
2306,536
2307,472
2308,472
2310,297
2311,590
2312,507
2313,507
2314,596
2315,340
2316,33
2317,31
2318,590
2320,340
2321,547
2322,547
2323,337
2324,323
2325,342
2326,323
2328,529
2329,350
2330,352
2331,278
2332,300
2333,472
2334,541
2335,472
2336,323
2337,326
2338,532
2340,529
2341,472
2342,48
2344,467
2345,569
2346,322
2347,323
2349,507
2350,335
2351,340
2352,466
2353,590
2355,518
2356,636
2357,407
2358,65
2359,611
2360,529
2361,460
2362,590
2363,289
2364,333
2365,609
2367,271
2368,466
2369,337
2370,601
2371,360
2372,466
2373,335
2374,35
2376,50
2377,52
2378,322
2380,518
2381,469
2382,467
2383,342
2384,547
2385,323
2386,507
2388,529
2389,33
2390,590
2391,632
2392,322
2393,472
2394,647
2395,469
2396,590
2397,466
2399,322
2401,323
2402,323
2403,322
2404,547
2405,472
2406,472
2407,322
2408,343
2409,525
2410,322
2411,567
2412,322
2413,468
2414,517
2415,582
2416,571
2417,322
2418,650
2419,507
2420,566
2421,561
2422,343
2423,468
2424,467
2425,310
2427,323
2429,590
2430,324
2431,547
2432,350
2433,124
2434,479
2435,342
2437,372
2438,468
2439,50
2440,472
2441,594
2442,323
2443,549
2444,590
2445,43
2446,468
2447,322
2448,322
2449,567
2450,322
2451,644
2452,322
2453,403
2454,335
2456,342
2458,472
2459,611
2460,359
2461,350
2462,507
2463,507
2464,336
2465,516
2466,600
2467,516
2468,33
2469,533
2470,590
2471,337
2472,594
2473,407
2474,571
2475,541
2476,335
2477,598
2478,372
2479,570
2480,547
2482,323
2483,322
2484,541
2485,323
2486,571
2487,300
2488,505
2489,337
2490,323
2491,330
2492,323
2493,274
2494,337
2496,340
2497,590
2498,506
2499,469
2500,337
2501,351
2502,547
2503,33
2504,359
2506,203
2507,410
2508,507
2509,507
2510,547
2511,567
2512,583
2513,529
2514,326
2515,50
2516,340
2517,516
2518,197
2519,340
2522,195
2523,342
2524,340
2526,331
2527,322
2529,590
2530,323
2532,350
2533,636
2534,322
2535,488
2536,547
2537,590
2538,330
2539,342
2540,359
2541,479
2542,474
2543,24
2545,326
2546,350
2548,322
2549,540
2551,565
2552,586
2553,507
2555,483
2556,514
2557,217
2558,323
2559,50
2560,547
2561,304
2562,491
2563,78
2564,507
2565,337
2566,335
2567,270
2568,337
2569,130
2570,627
2572,297
2573,507
2574,531
2575,576
2577,50
2578,50
2579,322
2580,590
2581,351
2582,611
2583,499
2585,488
2586,507
2587,201
2589,50
2590,518
2591,342
2592,323
2593,60
2594,472
2596,507
2597,340
2599,570
2600,571
2602,201
2603,326
2604,300
2605,351
2606,290
2607,31
2608,309
2609,343
2610,351
2611,322
2612,590
2613,439
2614,474
2615,507
2616,590
2617,594
2618,608
2619,472
2620,584
2621,594
2625,197
2626,536
2627,556
2628,590
2629,350
2630,547
2631,611
2632,507
2635,355
2636,507
2637,594
2638,340
2639,583
2640,48
2641,323
2642,324
2643,323
2644,590
2646,67
2647,541
2648,203
2649,359
2650,594
2651,466
2652,201
2653,322
2654,466
2655,335
2656,340
2658,529
2659,547
2660,300
2661,561
2662,322
2663,590
2664,472
2665,304
2666,326
2667,590
2668,50
2669,36
2670,531
2671,310
2672,350
2673,518
2674,323
2677,468
2678,529
2680,340
2681,194
2682,507
2683,340
2684,340
2686,529
2687,340
2688,342
2691,547
2692,639
2694,344
2695,601
2696,332
2698,627
2699,627
2700,547
2701,439
2702,338
2703,590
2704,324
2705,33
2706,617
2707,472
2708,345
2709,582
2710,310
2711,322
2712,571
2713,38
2714,323
2715,323
2716,335
2717,274
2718,374
2719,472
2720,547
2721,342
2722,331
2723,342
2725,133
2726,359
2728,611
2729,197
2730,547
2731,529
2733,439
2734,499
2735,435
2736,547
2737,550
2738,322
2739,547
2740,220
2742,342
2743,590
2744,323
2745,342
2746,322
2747,467
2749,359
2750,518
2751,565
2752,203
2753,617
2754,594
2755,50
2756,507
2757,340
2758,507
2759,561
2760,561
2761,360
2762,124
2763,340
2764,297
2766,203
2768,337
2769,541
2770,335
2771,590
2772,536
2773,590
2774,506
2776,290
2777,472
2778,323
2779,354
2780,337
2781,345
2782,472
2783,322
2785,547
2786,468
2787,472
2788,322
2789,590
2791,195
2794,194
2795,507
2796,323
2797,590
2798,322
2799,322
2800,349
2802,322
2803,326
2804,359
2805,479
2806,359
2807,326
2808,339
2809,342
2810,566
2811,590
2812,517
2813,50
2815,644
2816,323
2818,466
2820,467
2821,541
2822,289
2823,636
2824,576
2825,60
2826,637
2827,518
2828,468
2829,608
2830,335
2831,541
2832,556
2833,506
2834,472
2835,518
2836,342
2837,505
2838,590
2839,479
2840,466
2841,495
2842,561
2844,561
2845,472
2846,33
2847,529
2849,499
2850,323
2851,518
2852,323
2853,499
2854,50
2855,466
2856,331
2857,335
2858,322
2860,342
2861,323
2862,50
2863,582
2864,552
2865,33
2867,611
2868,290
2870,33
2871,337
2872,322
2873,322
2874,472
2876,322
2877,342
2878,50
2881,608
2882,608
2883,323
2884,529
2885,507
2886,594
2888,466
2889,340
2890,330
2891,472
2892,323
2893,359
2895,201
2896,70
2897,466
2898,547
2899,340
2900,322
2901,567
2902,567
2903,547
2904,469
2905,439
2906,611
2908,60
2909,466
2910,323
2911,571
2912,344
2913,33
2915,518
2917,518
2920,359
2921,483
2922,340
2923,529
2924,567
2925,323
2926,326
2927,594
2928,322
2929,590
2930,322
2931,322
2932,322
2933,33
2934,479
2935,359
2936,472
2937,472
2938,354
2939,507
2940,466
2941,627
2942,354
2943,36
2944,322
2945,344
2946,506
2947,326
2948,321
2949,326
2950,342
2951,611
2952,297
2953,439
2954,472
2955,529
2956,507
2957,507
2958,514
2959,119
2961,514
2962,340
2963,590
2964,540
2965,274
2967,590
2968,197
2969,323
2970,594
2971,337
2972,507
2973,636
2974,439
2975,644
2976,342
2977,322
2978,567
2979,322
2980,350
2981,323
2982,342
2983,472
2984,594
2986,507
2987,571
2988,340
2989,507
2990,547
2991,297
2992,43
2993,323
2994,323
2996,130
2998,119
3000,332
3001,330
3002,467
3003,550
3004,650
3005,335
3006,472
3007,569
3008,472
3009,43
3010,541
3011,322
3013,531
3014,60
3015,337
3016,467
3017,359
3018,324
3019,340
3020,529
3021,529
3022,507
3023,561
3024,561
3025,547
3026,335
3027,612
3028,323
3029,342
3031,304
3032,60
3034,323
3035,330
3036,274
3037,507
3038,345
3039,342
3040,323
3041,345
3042,518
3043,345
3044,571
3045,611
3046,323
3048,322
3049,350
3050,354
3051,466
3052,466
3053,33
3054,632
3055,334
3056,590
3057,359
3059,322
3060,565
3061,479
3062,507
3064,466
3065,507
3066,468
3068,359
3069,594
3070,50
3071,323
3072,611
3073,50
3074,322
3075,50
3076,323
3077,357
3079,334
3081,468
3082,549
3083,467
3084,310
3085,506
3086,322
3087,472
3089,547
3090,507
3092,322
3093,337
3094,541
3096,499
3097,60
3098,472
3099,322
3100,420
3101,518
3103,76
3104,524
3105,324
3106,600
3107,332
3108,632
3109,590
3110,640
3111,567
3112,491
3113,219
3114,342
3115,468
3118,590
3119,590
3120,323
3123,326
3124,470
3125,355
3126,323
3127,468
3128,505
3129,472
3130,322
3131,339
3132,321
3133,342
3134,439
3135,342
3136,472
3137,596
3138,472
3139,623
3140,547
3142,531
3143,340
3148,358
3149,344
3150,289
3151,468
3152,468
3153,550
3154,78
3155,335
3158,337
3159,567
3160,468
3161,345
3162,469
3163,124
3164,34
3165,528
3168,550
3169,359
3170,43
3171,639
3172,590
3173,569
3174,340
3176,332
3177,340
3178,590
3179,507
3180,561
3181,583
3182,291
3183,531
3184,499
3185,290
3186,547
3187,649
3188,50
3189,507
3190,335
3191,70
3192,43
3193,547
3194,588
3195,576
3197,472
3198,466
3199,323
3200,35
3201,322
3202,33
3203,322
3204,342
3205,584
3206,466
3207,493
3208,70
3209,326
3210,50
3211,590
3212,326
3213,507
3214,25
3215,583
3216,518
3217,50
3220,489
3221,323
3222,340
3223,590
3225,516
3227,322
3229,197
3230,600
3231,550
3232,342
3233,479
3234,322
3235,197
3236,472
3238,488
3239,571
3240,342
3241,590
3242,322
3243,550
3244,395
3245,310
3246,588
3248,326
3249,323
3250,547
3252,335
3253,472
3254,342
3255,467
3256,507
3257,340
3258,531
3259,468
3261,507
3262,650
3263,297
3264,507
3265,323
3267,466
3268,340
3269,321
3270,322
3271,565
3272,322
3273,472
3274,337
3275,547
3276,556
3277,529
3278,342
3280,360
3281,50
3282,323
3283,639
3284,372
3285,547
3286,78
3287,594
3289,547
3290,322
3292,323
3294,547
3295,547
3296,590
3297,342
3299,547
3300,60
3302,529
3303,472
3304,469
3305,547
3307,219
3308,594
3309,78
3310,507
3311,541
3312,561
3313,507
3314,561
3315,340
3316,203
3317,615
3318,293
3319,583
3320,570
3322,33
3323,570
3326,322
3328,304
3329,337
3330,340
3332,60
3333,550
3334,590
3335,43
3336,322
3337,516
3338,339
3339,324
3340,322
3341,576
3342,310
3343,590
3344,197
3345,323
3346,65
3347,407
3348,468
3349,479
3350,594
3351,300
3352,189
3353,594
3354,583
3355,372
3356,547
3357,547
3358,514
3359,50
3360,472
3361,50
3362,586
3364,548
3365,33
3366,616
3367,289
3368,43
3370,322
3372,636
3374,323
3375,541
3376,608
3377,439
3378,526
3379,300
3381,506
3383,323
3384,637
3385,61
3387,547
3389,274
3390,571
3391,466
3392,24
3393,468
3394,472
3397,531
3398,590
3399,345
3400,600
3401,466
3402,507
3403,340
3404,340
3405,203
3406,547
3407,472
3408,323
3409,350
3410,322
3412,594
3413,323
3416,332
3417,322
3418,350
3419,322
3420,342
3422,614
3424,466
3425,349
3426,576
3427,309
3428,322
3429,192
3431,342
3432,323
3433,323
3434,576
3435,359
3436,60
3437,52
3438,322
3439,332
3441,340
3442,197
3443,359
3445,323
3446,195
3448,323
3449,289
3450,547
3451,561
3452,578
3453,466
3454,518
3455,467
3456,197
3457,323
3458,479
3459,467
3460,571
3461,567
3462,50
3463,501
3464,479
3465,80
3466,33
3467,550
3468,340
3469,197
3470,507
3471,50
3472,576
3473,359
3474,590
3475,571
3476,70
3478,323
3479,132
3480,322
3481,304
3482,323
3483,342
3485,507
3486,565
3488,569
3489,466
3490,547
3491,547
3492,586
3493,472
3494,195
3495,506
3496,342
3497,323
3498,342
3499,322
3500,479
3501,467
3502,322
3505,567
3506,590
3507,374
3508,571
3509,639
3510,340
3511,410
3512,507
3513,547
3514,547
3515,516
3516,583
3517,466
3518,561
3520,323
3521,323
3522,323
3523,590
3524,354
3525,507
3527,340
3528,611
3529,544
3530,342
3531,342
3532,620
3533,507
3535,43
3536,469
3537,547
3538,521
3539,327
3540,608
3541,323
3543,547
3544,316
3545,342
3547,466
3550,583
3551,561
3552,639
3553,274
3554,322
3555,323
3557,590
3558,472
3559,323
3560,550
3562,322
3564,578
3565,594
3566,472
3567,340
3568,310
3569,60
3570,507
3571,547
3572,340
3574,351
3575,337
3576,608
3577,576
3579,590
3580,70
3581,50
3582,576
3583,310
3584,33
3585,529
3586,322
3587,60
3589,556
3590,43
3591,322
3593,340
3594,518
3597,322
3598,467
3599,590
3600,297
3602,565
3603,529
3604,32
3605,50
3606,479
3608,326
3609,340
3610,507
3611,570
3612,340
3613,549
3614,472
3615,322
3616,547
3617,337
3618,468
3619,576
3620,323
3621,323
3622,33
3624,567
3625,472
3626,38
3629,540
3630,518
3631,488
3632,323
3634,271
3635,472
3636,565
3637,342
3640,60
3641,499
3642,335
3643,322
3644,322
3645,274
3646,468
3647,60
3648,342
3649,517
3650,507
3651,391
3652,323
3653,50
3654,507
3655,340
3656,322
3657,507
3658,550
3659,340
3660,274
3661,50
3662,467
3663,571
3665,350
3666,70
3668,439
3669,570
3670,359
3671,323
3672,322
3673,323
3674,195
3675,564
3676,337
3679,532
3680,323
3682,479
3683,467
3684,609
3685,322
3686,507
3687,342
3688,479
3689,194
3690,507
3691,340
3692,547
3693,332
3694,507
3695,340
3696,594
3697,322
3698,571
3699,578
3700,323
3701,498
3702,608
3703,547
3704,31
3705,590
3706,323
3707,594
3708,337
3709,303
3710,60
3711,590
3712,561
3713,304
3714,578
3715,468
3716,342
3717,472
3718,335
3719,547
3720,611
3721,335
3722,472
3723,608
3724,203
3726,639
3727,354
3729,322
3730,337
3731,60
3732,541
3733,342
3734,323
3735,479
3736,326
3738,322
3739,590
3740,505
3741,541
3743,350
3744,529
3745,567
3746,466
3747,594
3748,323
3749,345
3750,339
3751,617
3752,323
3753,323
3754,608
3756,297
3757,439
3758,590
3759,501
3760,203
3761,340
3762,340
3763,507
3764,33
3765,561
3766,529
3767,541
3768,590
3769,590
3770,466
3771,52
3772,380
3773,322
3774,309
3775,322
3776,351
3777,608
3778,322
3780,541
3781,322
3782,324
3783,507
3784,569
3786,472
3787,337
3788,586
3789,337
3790,507
3791,404
3792,472
3793,194
3795,472
3796,472
3797,322
3798,322
3799,468
3800,410
3801,322
3803,590
3804,342
3805,479
3806,439
3807,571
3808,547
3810,50
3811,340
3812,507
3813,33
3814,561
3815,547
3816,550
3817,507
3818,119
3819,600
3821,350
3822,245
3823,333
3824,340
3825,355
3826,541
3828,472
3829,323
3830,322
3831,43
3833,335
3834,297
3835,507
3836,289
3837,323
3838,340
3839,617
3840,335
3841,571
3842,322
3844,322
3845,297
3846,439
3847,506
3848,565
3849,359
3850,70
3851,600
3852,261
3853,590
3854,590
3855,67
3857,469
3858,518
3859,650
3860,507
3861,366
3863,404
3864,332
3866,474
3868,194
3869,529
3870,531
3871,439
3872,322
3873,507
3874,584
3876,583
3878,342
3879,569
3880,43
3881,70
3883,570
3884,323
3885,550
3886,335
3887,507
3888,639
3890,195
3891,274
3892,582
3893,506
3895,584
3896,304
3897,203
3898,274
3899,337
3901,43
3902,472
3903,322
3904,466
3905,547
3906,322
3907,50
3908,358
3910,516
3911,111
3913,627
3914,345
3915,287
3916,547
3917,590
3919,60
3920,322
3921,48
3922,350
3923,518
3924,506
3925,322
3926,439
3927,570
3928,310
3929,507
3930,561
3932,505
3933,516
3934,410
3935,322
3936,322
3937,547
3938,529
3939,274
3940,195
3942,472
3943,467
3944,35
3945,206
3946,322
3947,529
3948,326
3949,468
3950,507
3952,340
3953,596
3954,322
3955,480
3956,548
3957,359
3958,480
3959,60
3960,342
3961,467
3962,340
3964,70
3965,330
3966,322
3967,220
3968,340
3969,590
3972,472
3973,584
3975,488
3976,335
3977,531
3978,395
3980,33
3981,632
3982,571
3983,322
3984,342
3985,340
3986,474
3987,372
3988,195
3989,516
3990,203
3991,340
3993,550
3994,467
3996,323
3997,279
3998,337
3999,467
4000,468
4002,322
4003,467
4004,44
4005,325
4006,479
4007,274
4008,359
4011,590
4012,561
4014,33
4015,340
4017,556
4018,345
4019,501
4020,507
4021,343
4022,410
4023,350
4024,507
4025,323
4026,340
4027,507
4028,322
4029,340
4030,529
4031,547
4032,337
4033,550
4034,594
4035,561
4036,326
4037,60
4038,354
4039,271
4040,323
4041,472
4042,322
4043,467
4044,323
4045,33
4046,300
4047,346
4049,547
4050,50
4051,584
4052,488
4053,525
4054,576
4055,310
4056,38
4057,550
4058,499
4059,594
4060,547
4061,323
4062,323
4063,339
4064,323
4065,327
4066,531
4067,324
4068,639
4070,516
4071,561
4072,472
4073,623
4074,189
4075,507
4076,34
4077,439
4078,304
4079,518
4080,340
4081,197
4082,472
4085,565
4086,578
4087,541
4088,586
4089,570
4090,590
4091,529
4092,632
4094,529
4096,468
4097,80
4098,323
4100,624
4101,529
4102,594
4103,547
4104,469
4105,556
4106,337
4107,322
4108,467
4109,548
4110,372
4111,544
4113,326
4114,571
4115,507
4116,466
4118,507
4119,495
4120,322
4122,60
4123,521
4124,322
4125,334
4126,608
4127,576
4128,43
4129,374
4130,71
4132,347
4133,569
4135,636
4136,132
4137,567
4138,337
4139,81
4140,565
4141,590
4142,590
4143,488
4144,342
4145,322
4147,590
4148,359
4149,547
4150,507
4151,472
4152,323
4153,468
4154,624
4155,194
4156,507
4160,611
4163,644
4165,323
4166,323
4167,340
4168,33
4169,547
4170,330
4172,547
4173,587
4174,35
4175,407
4177,547
4179,472
4182,611
4183,297
4184,468
4185,611
4186,323
4188,337
4189,300
4190,611
4191,600
4192,350
4193,410
4195,540
4197,639
4198,472
4200,323
4201,119
4202,472
4203,472
4204,322
4206,529
4207,359
4210,60
4213,350
4215,337
4216,590
4217,197
4218,492
4219,571
4220,467
4221,578
4222,541
4223,322
4224,330
4225,335
4226,80
4227,472
4228,467
4229,608
4230,548
4231,547
4232,57
4233,323
4234,565
4235,194
4236,547
4237,507
4238,350
4239,507
4240,516
4241,632
4242,337
4244,547
4245,43
4246,342
4247,50
4248,479
4250,609
4251,70
4253,547
4254,50
4255,300
4256,34
4257,466
4258,304
4259,472
4260,518
4261,644
4262,590
4265,529
4266,201
4267,322
4268,571
4271,529
4272,274
4273,550
4274,590
4275,466
4276,67
4277,439
4278,507
4279,518
4280,33
4281,493
4282,547
4283,195
4284,334
4286,507
4288,340
4289,600
4290,322
4292,359
4293,547
4294,556
4295,507
4296,472
4297,547
4299,80
4301,350
4302,197
4303,550
4304,331
4305,43
4306,529
4307,322
4308,60
4309,590
4310,547
4311,590
4312,491
4314,517
4315,644
4316,342
4318,467
4319,323
4320,469
4321,541
4322,590
4323,499
4324,547
4325,570
4326,60
4328,168
4329,322
4330,590
4331,354
4333,507
4334,507
4335,472
4336,529
4337,467
4338,584
4339,344
4340,331
4341,322
4342,310
4344,300
4345,576
4347,466
4348,507
4349,529
4350,439
4351,472
4352,547
4353,323
4354,323
4355,323
4356,322
4357,529
4358,556
4359,369
4361,479
4362,439
4364,322
4367,590
4368,374
4369,323
4370,479
4371,330
4372,293
4373,342
4374,410
4375,547
4376,335
4377,337
4378,374
4379,468
4380,297
4381,300
4382,547
4383,507
4384,561
4386,583
4387,590
4388,507
4389,529
4390,350
4391,33
4392,323
4393,322
4394,70
4395,495
4396,197
4399,304
4400,340
4401,357
4403,80
4404,201
4405,300
4406,507
4408,472
4409,472
4411,361
4412,374
4413,201
4414,566
4415,197
4416,197
4417,323
4418,472
4419,565
4421,472
4422,518
4423,342
4424,608
4425,50
4426,466
4428,323
4429,70
4430,507
4431,507
4432,627
4433,332
4434,571
4435,547
4436,594
4438,335
4439,131
4440,507
4441,369
4442,641
4445,337
4446,472
4447,590
4448,506
4449,517
4450,576
4451,578
4452,561
4453,517
4454,608
4455,300
4456,590
4457,358
4459,323
4460,466
4461,479
4462,322
4463,467
4464,518
4465,547
4466,590
4467,201
4468,340
4469,507
4470,322
4471,323
4473,322
4474,514
4475,203
4476,512
4477,322
4478,322
4479,472
4480,608
4481,350
4482,350
4483,468
4484,43
4485,297
4486,351
4488,323
4489,467
4490,547
4491,547
4492,468
4493,466
4494,323
4495,541
4496,507
4497,627
4499,298
4500,544
4501,594
4502,372
4503,472
4504,469
4505,410
4507,472
4508,590
4509,201
4510,561
4511,340
4512,561
4513,561
4515,322
4516,550
4517,550
4518,322
4519,322
4520,350
4521,34
4522,531
4523,548
4525,322
4526,590
4527,626
4528,304
4529,327
4530,324
4531,337
4532,337
4533,410
4534,467
4535,590
4536,322
4537,322
4538,343
4539,274
4540,274
4541,468
4542,342
4543,323
4544,479
4545,404
4547,323
4548,594
4549,323
4550,323
4551,466
4552,518
4553,289
4554,525
4557,488
4558,507
4559,583
4560,477
4562,350
4563,547
4565,570
4566,323
4567,322
4568,43
4569,636
4570,491
4571,472
4572,590
4573,611
4575,472
4576,322
4578,361
4579,323
4581,640
4583,488
4584,342
4585,271
4586,322
4587,372
4588,351
4590,506
4591,583
4592,482
4593,547
4594,650
4595,507
4597,507
4598,623
4599,50
4600,33
4602,518
4603,340
4604,50
4606,472
4607,556
4608,571
4611,583
4612,369
4613,322
4614,323
4615,339
4616,345
4617,337
4618,73
4620,351
4622,274
4623,189
4624,576
4625,322
4626,570
4627,342
4629,483
4630,322
4631,547
4632,322
4633,549
4634,576
4635,342
4636,469
4637,340
4638,570
4640,360
4641,340
4642,529
4643,472
4644,33
4645,50
4646,529
4647,514
4648,556
4649,472
4650,632
4651,608
4652,541
4653,323
4654,342
4655,571
4656,81
4657,322
4658,567
4661,479
4662,601
4663,335
4665,590
4666,297
4667,507
4668,52
4669,549
4671,518
4672,342
4673,71
4674,372
4675,636
4676,404
4677,488
4678,472
4679,407
4680,518
4681,322
4682,547
4683,479
4684,590
4686,570
4687,25
4688,359
4689,507
4690,516
4692,525
4693,594
4694,439
4695,323
4696,351
4698,547
4699,31
4700,245
4702,322
4703,325
4704,322
4705,337
4706,611
4707,60
4708,594
4709,351
4710,565
4711,350
4712,322
4713,469
4714,467
4715,354
4716,322
4718,322
4719,50
4720,547
4721,304
4722,326
4723,323
4724,332
4725,466
4726,468
4727,350
4728,531
4729,467
4730,590
4731,409
4732,316
4733,541
4734,203
4736,410
4738,594
4739,514
4740,297
4741,203
4742,340
4743,50
4744,340
4745,52
4746,344
4747,507
4748,567
4749,352
4750,322
4751,76
4752,44
4754,350
4755,322
4756,547
4757,322
4758,123
4759,274
4760,611
4761,548
4763,321
4765,439
4767,644
4769,590
4770,472
4771,330
4772,507
4773,491
4774,52
4775,33
4776,594
4777,507
4778,472
4781,623
4782,50
4783,516
4784,583
4785,600
4786,201
4788,547
4789,507
4790,195
4791,337
4792,300
4793,335
4794,590
4795,337
4796,331
4797,344
4798,335
4799,547
4800,407
4803,323
4804,297
4805,323
4806,467
4807,342
4808,322
4809,590
4812,571
4813,466
4814,304
4815,636
4816,590
4817,590
4818,507
4819,335
4820,337
4822,590
4824,466
4825,48
4826,547
4827,506
4828,35
4829,332
4831,547
4832,342
4834,194
4835,620
4836,201
4838,639
4839,561
4840,627
4842,561
4844,507
4845,507
4846,547
4847,35
4848,350
4850,335
4851,50
4852,80
4853,469
4854,351
4855,547
4856,140
4857,337
4858,323
4859,323
4860,323
4861,322
4864,466
4865,548
4866,322
4868,507
4869,340
4870,480
4871,590
4872,332
4873,323
4874,472
4875,350
4876,590
4877,547
4878,467
4879,556
4880,547
4881,469
4882,194
4883,627
4884,561
4885,507
4886,507
4887,505
4888,507
4889,25
4891,507
4892,340
4894,472
4895,466
4897,556
4898,344
4900,372
4901,350
4903,359
4904,322
4905,343
4906,637
4907,50
4908,549
4909,472
4910,586
4911,547
4912,466
4913,571
4915,323
4916,322
4917,547
4918,547
4919,304
4921,513
4922,467
4923,468
4924,548
4925,33
4926,323
4927,140
4928,322
4929,468
4930,111
4931,590
4932,342
4933,201
4937,590
4938,410
4939,374
4940,472
4941,334
4942,337
4944,51
4946,407
4947,571
4948,289
4949,517
4950,488
4951,590
4953,342
4954,323
4955,322
4956,50
4958,322
4959,340
4962,25
4963,516
4965,322
4966,337
4967,571
4968,335
4969,48
4970,472
4971,529
4972,323
4973,339
4974,43
4975,479
4976,387
4977,541
4979,571
4980,472
4982,491
4983,331
4984,590
4985,469
4986,372
4987,548
4988,586
4989,506
4990,310
4991,323
4992,547
4993,548
4994,466
4995,359
4996,550
4997,561
4998,466
4999,322
5000,322
5001,322
5002,472
5003,469
5004,529
5006,518
5007,468
5008,506
5009,350
5010,532
5011,529
5012,306
5013,466
5014,309
5015,541
5016,507
5017,395
5018,65
5019,50
5020,50
5021,479
5022,565
5023,323
5025,52
5026,335
5027,632
5028,345
5029,350
5030,469
5031,584
5032,472
5033,472
5034,274
5035,632
5036,323
5037,571
5038,217
5039,60
5040,322
5041,590
5042,466
5043,337
5044,490
5045,547
5046,472
5047,310
5049,596
5050,540
5051,583
5053,271
5054,342
5055,547
5056,590
5057,290
5059,31
5060,330
5061,600
5062,586
5063,350
5064,322
5065,466
5066,123
5067,409
5068,322
5069,601
5071,310
5072,556
5073,529
5074,472
5075,335
5077,479
5078,323
5079,505
5080,322
5081,491
5082,590
5084,466
5085,468
5086,507
5087,323
5088,322
5089,488
5090,528
5092,547
5093,337
5094,35
5095,439
5096,369
5097,525
5098,35
5099,322
5100,547
5101,488
5102,542
5103,300
5104,343
5105,468
5106,596
5107,590
5108,322
5109,439
5111,548
5112,518
5113,50
5114,323
5115,323
5116,322
5117,608
5118,33
5119,323
5120,337
5121,467
5123,322
5124,350
5125,594
5126,355
5128,547
5129,584
5130,322
5131,571
5132,322
5133,304
5134,322
5135,480
5137,590
5138,548
5139,50
5140,324
5141,469
5142,342
5143,38
5144,323
5145,324
5146,467
5147,506
5148,197
5149,472
5150,611
5151,50
5152,43
5153,340
5154,326
5155,547
5156,518
5157,611
5158,330
5160,621
5161,293
5162,322
5163,203
5164,608
5166,323
5167,55
5168,33
5169,43
5170,337
5171,550
5173,571
5174,506
5175,48
5176,337
5177,547
5178,590
5179,608
5181,594
5182,326
5183,323
5184,469
5185,541
5186,644
5187,590
5188,507
5189,611
5190,586
5191,197
5192,600
5193,505
5194,50
5195,594
5196,60
5197,518
5198,488
5200,600
5201,335
5202,322
5203,135
5204,350
5205,289
5206,310
5207,536
5209,323
5210,342
5211,350
5212,326
5213,33
5214,548
5215,499
5216,479
5217,342
5218,55
5219,491
5221,507
5223,518
5224,322
5225,290
5226,547
5227,639
5228,203
5230,627
5231,507
5232,507
5233,323
5234,50
5235,114
5237,518
5238,467
5239,332
5240,565
5241,322
5242,43
5243,472
5244,547
5245,321
5246,567
5247,480
5248,323
5249,354
5250,70
5253,342
5254,584
5255,369
5256,506
5257,219
5258,493
5259,351
5260,359
5261,472
5262,322
5264,565
5265,350
5266,323
5267,372
5268,244
5269,611
5270,472
5271,467
5272,472
5273,439
5274,467
5275,342
5276,569
5277,342
5278,321
5279,608
5280,594
5281,203
5282,611
5283,507
5284,323
5285,507
5286,567
5287,639
5288,507
5289,245
5290,50
5291,340
5292,359
5293,507
5294,322
5295,518
5296,323
5297,43
5298,337
5300,184
5301,468
5302,590
5303,571
5305,472
5306,323
5307,43
5308,491
5309,34
5310,547
5311,354
5312,350
5313,323
5314,290
5315,569
5316,469
5317,50
5318,304
5320,322
5322,472
5324,541
5325,547
5326,297
5327,547
5328,50
5329,550
5330,407
5331,467
5332,322
5333,590
5335,70
5336,529
5337,336
5338,567
5339,514
5340,472
5341,297
5342,323
5343,342
5344,547
5345,359
5346,472
5348,323
5349,637
5350,507
5351,541
5352,50
5353,479
5354,529
5355,550
5356,310
5357,608
5358,466
5359,322
5360,111
5361,345
5362,541
5363,289
5364,274
5365,359
5367,344
5369,472
5370,493
5371,488
5372,323
5373,322
5374,439
5375,304
5376,349
5377,322
5378,323
5379,531
5380,479
5381,483
5383,245
5384,344
5385,567
5386,70
5387,518
5388,468
5389,78
5390,322
5391,637
5392,50
5393,323
5394,488
5396,322
5397,244
5399,507
5400,335
5401,327
