compound_id,superclass_id
1,66
2,68
3,1
4,68
5,75
6,59
7,3
8,57
9,68
10,24
11,57
12,68
13,50
14,54
15,68
16,65
17,57
18,66
19,52
20,68
21,66
22,57
23,52
24,66
25,75
26,57
27,66
28,66
29,30
30,65
31,23
32,65
33,66
35,66
36,59
37,65
38,57
39,54
40,35
41,65
42,57
43,68
44,27
45,52
47,65
48,57
49,57
50,57
51,68
52,53
53,66
54,53
56,46
57,54
59,68
60,59
61,66
62,68
63,68
64,1
65,66
66,66
67,23
68,66
69,35
70,65
71,1
72,57
73,66
75,68
76,69
78,75
79,57
80,35
81,65
82,33
83,50
84,68
85,68
86,59
87,68
88,57
89,65
90,57
91,59
92,57
93,68
94,69
95,11
95,2
96,69
97,66
98,68
99,68
100,69
101,69
102,23
103,68
104,66
105,29
106,68
107,66
108,68
109,65
110,11
110,14
111,57
112,66
113,23
114,66
115,66
116,29
117,57
118,54
119,59
120,57
121,57
122,68
123,68
124,57
125,69
126,2
127,66
128,59
129,66
130,23
131,75
132,57
133,57
134,45
135,29
136,65
137,66
139,52
141,68
142,52
143,68
144,55
145,65
146,65
147,66
148,58
150,66
152,59
153,68
154,66
155,57
156,68
157,66
158,1
159,1
160,69
161,66
162,57
163,35
164,75
166,68
167,66
168,2
170,52
171,42
172,66
173,27
174,2
175,66
177,52
178,29
180,57
181,68
182,52
183,52
184,65
185,66
186,66
187,68
189,58
190,65
191,2
192,66
193,57
194,66
195,65
196,65
197,53
198,46
199,3
201,65
202,65
203,59
204,65
205,2
206,66
207,65
208,57
209,75
211,68
212,57
213,66
214,65
215,66
217,66
218,66
219,68
220,1
221,66
222,57
223,65
224,68
227,66
228,2
229,66
230,35
231,65
232,54
234,57
236,18
237,3
237,4
238,3
239,24
240,57
241,57
242,35
243,75
244,68
245,52
246,57
247,52
248,65
249,54
250,59
251,59
252,68
253,57
254,54
255,68
256,52
258,75
259,65
261,57
262,68
263,43
264,23
265,65
266,75
267,66
268,65
269,1
270,1
271,66
272,75
273,68
274,63
274,23
275,65
277,52
278,57
279,65
280,75
281,53
282,66
283,68
284,2
285,57
286,68
287,66
288,68
289,57
290,1
293,57
295,66
296,59
298,68
299,36
300,52
301,68
302,57
303,66
304,69
305,68
306,23
307,66
308,75
309,65
311,66
312,65
313,65
314,29
315,66
316,59
317,66
318,57
319,69
320,68
321,66
322,69
323,68
324,54
325,46
326,55
327,75
328,68
329,57
330,57
331,65
332,54
333,57
334,66
335,75
336,66
337,54
338,65
339,57
340,46
341,66
343,57
344,66
345,35
346,69
347,57
348,69
349,69
351,69
352,66
353,66
354,66
355,66
357,40
358,65
360,66
361,35
362,58
363,66
365,52
366,68
368,45
369,65
370,57
371,27
372,23
373,65
374,52
375,66
376,57
377,42
378,59
379,59
380,57
381,35
382,66
383,65
384,66
385,68
386,59
387,33
388,75
389,46
390,75
391,68
392,3
393,57
395,57
396,66
397,68
398,65
399,66
400,75
401,65
402,66
403,66
404,68
405,57
406,66
407,75
408,66
409,52
410,66
411,68
412,75
413,66
414,6
415,45
416,75
418,45
419,75
420,3
420,4
421,68
422,52
423,66
424,2
426,68
427,69
428,68
429,54
430,69
431,69
432,54
432,66
433,68
434,69
435,66
436,66
437,66
438,66
439,23
440,66
442,69
443,23
444,66
446,57
447,66
448,75
449,75
450,66
451,57
452,45
453,68
454,66
455,57
456,52
457,75
458,57
459,57
460,69
461,65
462,66
463,66
464,65
465,66
466,68
467,65
468,60
469,66
470,66
471,57
472,1
473,57
474,35
475,66
476,52
476,23
477,75
478,75
479,33
480,57
481,75
482,68
483,52
484,75
485,65
486,57
487,59
488,2
489,29
490,3
490,4
491,68
492,75
493,29
495,52
496,54
497,65
498,68
499,57
500,57
501,69
502,66
503,66
504,40
505,68
506,1
507,35
508,66
509,75
510,33
511,54
512,66
513,54
514,57
515,52
516,68
517,68
518,75
519,54
520,54
521,63
521,23
522,52
523,66
523,75
524,53
525,68
527,65
528,66
530,1
531,68
532,66
533,57
534,57
535,73
536,24
537,66
538,54
539,68
540,46
541,57
542,65
543,2
544,66
546,65
547,66
548,66
549,68
550,52
551,68
552,57
553,69
554,1
555,66
556,53
557,68
558,57
559,66
560,57
561,57
562,66
563,35
564,65
565,65
566,57
567,57
568,57
569,33
570,68
571,68
572,54
573,66
574,66
575,66
576,6
577,68
578,52
579,66
580,54
581,66
582,66
583,66
584,65
586,75
587,2
588,57
589,68
590,66
592,68
593,59
595,57
596,23
597,57
598,66
599,66
600,65
601,65
602,66
603,3
604,69
605,75
606,63
606,23
608,23
609,68
610,65
611,66
612,75
613,11
613,14
614,46
615,65
616,35
617,52
618,57
619,35
620,1
621,1
622,59
623,66
624,59
625,75
626,65
627,65
629,1
630,57
631,57
633,42
634,66
635,65
636,2
637,42
638,3
639,68
640,57
642,69
643,57
644,68
645,52
646,66
646,75
647,68
648,68
649,52
650,35
651,66
652,65
654,1
655,61
656,66
658,66
659,11
660,66
661,29
661,30
662,68
664,1
665,54
667,68
668,63
669,57
670,59
671,57
672,59
673,73
674,2
675,1
676,66
677,54
678,57
679,75
680,45
681,57
682,66
684,68
685,68
686,45
687,57
688,35
689,23
690,40
691,68
692,54
693,57
694,75
695,57
696,68
697,69
698,69
699,68
701,65
702,30
703,75
704,52
705,75
707,65
709,53
710,68
711,29
712,68
713,65
714,52
715,66
716,66
717,65
718,65
719,66
721,46
721,42
722,65
723,69
724,65
726,66
727,1
728,66
729,1
730,50
731,65
732,66
733,68
734,66
735,29
736,63
737,23
738,35
739,68
740,66
741,65
742,29
743,59
744,65
745,66
746,69
747,2
748,57
750,73
752,66
753,57
754,65
755,66
756,1
757,65
758,59
759,2
760,57
761,68
762,57
763,66
764,68
766,60
767,68
768,1
769,68
770,63
770,23
771,66
772,57
773,57
774,57
775,57
776,68
777,66
778,35
780,75
781,73
782,66
783,11
784,68
785,66
786,75
787,20
788,35
789,57
790,57
791,3
791,4
792,52
793,57
794,52
795,57
796,57
797,52
798,65
799,57
800,65
801,66
802,1
803,57
804,66
806,66
807,57
808,66
809,57
810,52
811,52
812,69
813,65
814,29
815,66
816,29
817,66
818,57
819,43
820,68
821,57
823,57
824,23
826,2
827,6
828,57
829,59
830,75
831,2
832,59
833,65
834,57
836,68
837,68
838,2
839,68
840,66
841,52
843,73
844,35
845,52
846,57
847,68
849,65
850,70
851,66
852,75
853,75
854,54
855,66
856,45
857,69
858,66
859,30
860,65
861,1
862,43
863,65
864,66
865,57
866,52
867,59
868,68
869,54
870,3
870,4
871,57
872,59
874,57
876,2
877,66
878,54
879,1
880,68
881,35
882,57
883,59
884,65
885,57
886,68
887,57
888,69
889,68
890,69
891,2
892,66
893,68
894,23
895,65
896,65
897,1
898,66
899,23
900,52
901,66
902,66
903,68
904,68
905,1
906,57
907,68
908,57
909,68
910,69
911,66
912,69
913,66
914,35
915,18
916,57
917,66
919,65
920,59
922,75
923,57
924,69
925,6
926,65
927,66
928,68
929,68
930,65
931,65
932,57
933,75
934,57
935,75
936,66
937,65
938,75
939,66
940,57
941,68
942,57
943,35
944,59
945,65
946,45
947,57
948,11
950,66
951,25
952,57
954,66
955,57
956,68
957,57
959,66
960,57
961,1
962,66
963,68
964,57
965,66
966,66
967,35
968,57
969,66
970,57
971,68
972,57
973,68
975,69
976,69
977,68
978,66
979,23
980,68
982,65
983,57
985,57
986,57
987,66
988,66
989,52
990,66
991,57
992,60
993,2
994,65
995,3
995,4
996,65
997,66
998,42
999,68
1000,66
1001,66
1002,66
1003,57
1004,57
1005,69
1006,57
1007,65
1008,65
1009,69
1010,52
1011,66
1012,66
1013,69
1014,66
1015,68
1016,66
1017,75
1018,33
1019,66
1020,24
1021,11
1021,2
1022,4
1023,57
1025,52
1026,66
1027,69
1028,68
1030,59
1031,75
1032,66
1033,69
1034,66
1035,57
1036,52
1038,57
1039,57
1040,26
1041,69
1042,57
1043,54
1044,75
1045,33
1046,66
1047,66
1048,35
1049,68
1050,65
1051,66
1052,3
1053,65
1054,68
1055,57
1056,1
1057,15
1058,66
1059,66
1061,57
1062,68
1063,57
1064,1
1065,65
1066,66
1068,57
1069,68
1071,54
1072,73
1073,57
1074,59
1076,54
1076,66
1077,65
1078,54
1079,57
1080,68
1081,57
1082,40
1083,57
1084,66
1085,57
1086,6
1087,65
1088,66
1089,66
1090,57
1092,69
1093,57
1094,57
1095,65
1096,3
1098,52
1099,66
1100,75
1101,66
1102,75
1103,58
1104,66
1105,66
1106,68
1107,65
1108,52
1109,57
1111,29
1112,69
1113,66
1114,57
1116,66
1117,65
1118,69
1119,66
1120,68
1121,66
1122,65
1123,57
1124,57
1125,68
1126,54
1127,57
1128,65
1129,66
1131,68
1132,68
1133,57
1134,73
1135,59
1136,75
1137,54
1138,66
1139,68
1140,69
1141,68
1142,53
1143,68
1144,52
1145,57
1146,66
1147,66
1148,57
1149,54
1150,75
1151,66
1152,2
1153,3
1153,4
1154,66
1155,57
1156,66
1157,57
1158,1
1159,24
1160,65
1161,35
1162,57
1163,3
1164,8
1164,7
1165,57
1166,52
1167,25
1168,1
1169,66
1170,75
1173,1
1174,66
1175,65
1176,65
1177,68
1178,52
1179,6
1180,75
1181,66
1182,57
1183,66
1184,65
1185,69
1186,66
1187,33
1188,75
1189,66
1190,1
1191,75
1192,52
1193,54
1194,69
1195,57
1196,65
1197,66
1198,66
1201,68
1202,53
1203,57
1204,57
1205,68
1206,57
1207,57
1208,57
1211,57
1212,65
1213,18
1214,20
1215,68
1216,68
1217,66
1218,57
1219,57
1220,59
1221,66
1222,66
1223,33
1224,68
1225,68
1226,52
1227,68
1228,66
1229,66
1230,57
1231,33
1232,66
1233,75
1234,58
1235,66
1236,16
1237,65
1238,75
1239,75
1240,35
1242,43
1243,68
1244,2
1245,57
1246,52
1247,65
1248,65
1249,57
1250,66
1251,66
1252,52
1253,75
1254,69
1255,2
1256,18
1257,54
1259,66
1260,65
1261,68
1262,65
1263,68
1264,68
1265,66
1266,66
1267,69
1268,68
1269,65
1270,54
1271,57
1273,75
1274,68
1275,58
1276,66
1277,57
1278,57
1279,66
1280,66
1281,1
1282,66
1283,33
1284,75
1285,66
1286,57
1287,69
1288,65
1289,66
1290,66
1291,57
1292,57
1293,35
1294,53
1295,35
1296,17
1297,68
1298,57
1300,66
1301,2
1303,53
1304,73
1304,35
1304,75
1305,7
1306,66
1307,66
1308,68
1309,66
1310,2
1311,52
1312,46
1313,35
1314,57
1315,57
1316,68
1317,6
1318,66
1319,23
1320,45
1321,59
1322,23
1323,57
1324,2
1325,68
1326,65
1327,1
1328,40
1329,57
1330,3
1331,73
1332,66
1333,66
1334,4
1334,15
1335,57
1336,68
1337,42
1338,65
1339,1
1341,68
1342,68
1343,57
1345,66
1346,52
1347,54
1348,65
1349,66
1350,66
1351,35
1352,66
1353,66
1354,75
1355,65
1356,65
1357,1
1358,68
1359,57
1360,66
1361,66
1362,57
1363,66
1364,35
1365,57
1366,52
1368,66
1369,57
1370,69
1371,57
1372,68
1373,68
1374,57
1375,4
1376,57
1377,66
1379,57
1380,57
1381,66
1382,69
1383,66
1384,66
1385,66
1386,75
1387,3
1388,37
1389,35
1390,57
1391,54
1392,68
1394,52
1395,68
1396,3
1397,69
1398,65
1399,66
1400,59
1401,68
1402,45
1403,57
1404,57
1405,66
1406,65
1407,52
1409,40
1410,66
1411,35
1412,66
1413,65
1414,68
1416,68
1417,65
1418,66
1420,59
1421,66
1422,65
1423,68
1424,1
1425,68
1426,29
1427,35
1428,66
1429,66
1430,43
1431,66
1432,66
1433,66
1434,65
1435,33
1436,68
1437,65
1438,66
1439,53
1440,65
1441,57
1442,57
1444,59
1444,57
1445,66
1447,54
1449,53
1451,66
1452,65
1453,10
1454,66
1455,15
1456,1
1457,66
1457,75
1458,57
1459,45
1460,57
1461,54
1462,68
1463,68
1464,66
1465,65
1466,68
1467,57
1468,66
1469,69
1470,57
1471,75
1472,66
1473,66
1474,69
1475,75
1476,73
1477,1
1478,1
1479,66
1480,69
1481,69
1483,68
1484,57
1488,75
1489,69
1490,57
1491,66
1492,66
1493,57
1494,68
1495,66
1496,54
1497,66
1498,66
1499,57
1500,65
1501,66
1502,6
1503,57
1504,66
1505,65
1506,68
1507,66
1508,57
1509,54
1510,65
1511,16
1512,57
1513,66
1514,57
1515,24
1516,52
1517,54
1518,3
1520,75
1521,68
1523,66
1524,33
1525,2
1526,65
1527,57
1528,66
1529,45
1530,57
1531,65
1532,66
1533,57
1534,57
1535,57
1536,68
1537,69
1538,3
1538,4
1539,35
1541,69
1542,59
1543,52
1544,18
1545,54
1546,68
1547,69
1548,69
1549,65
1550,66
1551,66
1552,66
1553,2
1554,2
1555,66
1555,75
1556,52
1556,23
1557,66
1558,68
1559,68
1560,66
1561,75
1562,65
1563,68
1564,3
1565,53
1566,68
1567,3
1568,57
1569,3
1569,4
1570,57
1572,66
1573,45
1574,66
1575,66
1576,69
1577,46
1578,66
1579,66
1580,57
1581,65
1582,53
1583,65
1584,57
1585,69
1586,66
1587,57
1588,66
1589,66
1590,23
1591,68
1592,66
1593,23
1594,65
1595,66
1596,75
1597,66
1598,57
1599,66
1601,57
1602,20
1603,68
1604,39
1605,68
1606,53
1607,29
1608,75
1609,59
1610,57
1611,57
1612,2
1613,66
1614,52
1616,59
1617,35
1618,57
1619,17
1622,3
1623,52
1624,66
1625,57
1626,1
1627,54
1628,75
1629,23
1630,66
1632,66
1633,69
1634,1
1635,65
1636,68
1637,65
1638,57
1639,52
1640,57
1641,69
1642,65
1643,59
1644,66
1645,57
1646,57
1647,75
1648,23
1649,27
1650,59
1651,33
1652,2
1653,52
1654,52
1655,66
1656,57
1658,54
1659,1
1661,57
1662,2
1663,75
1664,57
1665,59
1666,65
1667,33
1668,57
1669,57
1670,68
1671,66
1672,52
1673,68
1674,35
1675,66
1676,65
1678,65
1679,57
1681,65
1683,57
1684,68
1685,59
1686,68
1687,57
1689,65
1692,3
1692,4
1693,65
1694,57
1695,69
1696,68
1697,53
1698,65
1699,65
1700,66
1701,54
1702,65
1703,66
1704,35
1705,66
1706,68
1707,54
1708,58
1708,60
1709,57
1710,68
1711,69
1712,68
1713,68
1714,52
1715,75
1717,75
1718,66
1719,68
1720,23
1721,58
1722,75
1724,68
1725,75
1726,69
1727,66
1728,45
1729,50
1730,69
1731,57
1732,34
1733,66
1734,75
1735,75
1736,69
1737,69
1738,68
1739,57
1740,57
1741,57
1742,2
1743,65
1744,66
1745,66
1746,59
1747,66
1748,66
1750,65
1752,66
1753,66
1754,65
1756,66
1757,66
1758,25
1759,57
1760,23
1761,40
1763,52
1764,69
1765,68
1766,1
1767,45
1768,52
1769,66
1770,68
1771,52
1772,73
1773,66
1774,66
1775,66
1776,66
1777,66
1778,1
1779,29
1780,75
1781,1
1782,63
1782,23
1783,57
1784,69
1784,68
1785,66
1786,75
1787,52
1790,57
1791,66
1792,65
1793,65
1794,68
1795,68
1796,57
1797,75
1798,54
1799,57
1801,75
1802,35
1803,33
1804,3
1805,57
1806,57
1807,66
1808,57
1809,63
1810,66
1811,57
1812,66
1813,23
1814,66
1815,75
1816,57
1817,73
1818,75
1819,23
1820,53
1822,2
1823,66
1824,66
1825,66
1826,1
1828,57
1831,52
1832,57
1834,52
1835,3
1836,57
1837,57
1838,65
1839,57
1840,57
1841,53
1844,65
1845,68
1846,63
1847,66
1848,1
1850,66
1851,75
1852,52
1853,35
1854,29
1855,53
1856,23
1857,23
1858,66
1859,75
1860,65
1861,75
1862,35
1863,35
1864,75
1865,35
1866,65
1867,57
1868,65
1869,68
1871,65
1872,29
1874,68
1875,68
1876,15
1877,3
1877,4
1878,68
1880,4
1880,24
1881,46
1882,24
1883,65
1884,68
1885,69
1886,57
1887,69
1888,46
1889,57
1890,65
1891,68
1892,68
1893,57
1894,75
1895,3
1896,65
1897,68
1898,23
1899,57
1900,66
1901,66
1902,57
1903,65
1904,65
1905,52
1906,59
1907,2
1908,2
1909,23
1910,66
1911,29
1912,35
1913,57
1914,65
1915,65
1916,3
1917,31
1918,65
1919,65
1920,68
1921,12
1922,57
1923,33
1924,66
1925,68
1926,66
1927,57
1928,69
1929,68
1930,57
1931,65
1932,35
1933,52
1934,33
1935,57
1936,65
1937,59
1938,59
1939,75
1940,66
1941,66
1942,59
1943,33
1944,52
1945,57
1946,66
1947,75
1948,69
1949,57
1950,68
1951,29
1952,57
1953,1
1954,69
1955,57
1956,53
1957,69
1958,3
1959,65
1960,57
1961,1
1962,23
1963,53
1964,57
1965,57
1966,66
1967,68
1968,1
1969,54
1970,57
1971,53
1972,1
1973,42
1974,57
1975,3
1977,57
1978,65
1979,57
1980,65
1981,66
1982,69
1983,45
1984,66
1985,35
1987,65
1988,69
1989,53
1990,68
1991,68
1992,57
1993,35
1994,35
1995,66
1996,23
1997,68
1998,68
1999,66
2000,68
2001,35
2002,63
2002,23
2003,65
2005,75
2006,63
2006,23
2007,11
2008,66
2009,66
2010,33
2011,6
2012,69
2013,35
2014,68
2015,57
2016,59
2019,57
2020,69
2021,65
2022,59
2023,57
2024,68
2025,66
2026,75
2027,66
2028,65
2029,11
2030,57
2031,66
2032,45
2033,52
2034,40
2035,66
2036,66
2037,65
2038,75
2040,68
2041,58
2042,66
2043,53
2044,66
2045,75
2046,52
2047,66
2048,69
2049,35
2050,66
2051,57
2052,52
2054,50
2055,57
2056,65
2058,66
2059,65
2060,54
2061,65
2063,57
2064,53
2065,11
2066,2
2067,40
2068,57
2069,52
2070,65
2071,66
2072,57
2073,65
2074,54
2075,73
2076,68
2077,66
2078,52
2079,18
2080,66
2081,68
2082,65
2083,1
2084,66
2085,23
2086,1
2087,66
2088,65
2089,75
2090,66
2091,66
2092,66
2092,75
2093,66
2094,52
2096,68
2097,75
2099,2
2100,57
2101,35
2102,59
2103,57
2104,68
2105,57
2106,69
2107,66
2108,23
2109,66
2110,69
2114,57
2115,6
2116,65
2117,1
2118,68
2119,66
2120,65
2121,66
2122,66
2123,68
2124,60
2125,57
2126,57
2127,69
2128,1
2129,65
2130,66
2131,66
2132,1
2133,66
2134,59
2135,53
2136,35
2137,18
2138,42
2139,65
2141,57
2142,65
2143,69
2144,45
2147,57
2148,66
2149,1
2150,66
2151,52
2152,68
2153,2
2154,65
2155,66
2156,57
2157,59
2158,68
2159,65
2160,57
2161,23
2162,6
2163,54
2163,53
2164,68
2165,68
2166,66
2167,68
2168,52
2169,35
2170,66
2171,66
2172,66
2174,57
2175,23
2176,65
2178,57
2179,66
2180,52
2181,66
2182,43
2183,68
2184,68
2185,59
2186,68
2187,3
2188,2
2190,52
2191,75
2192,68
2193,59
2194,68
2196,63
2197,54
2198,75
2199,57
2200,54
2201,65
2202,59
2203,52
2204,65
2205,68
2206,68
2207,57
2208,69
2209,57
2210,57
2211,65
2212,1
2213,66
2214,69
2215,57
2216,75
2217,66
2218,23
2219,68
2220,66
2221,52
2222,68
2223,66
2224,65
2225,17
2226,42
2227,1
2231,57
2232,24
2233,75
2234,59
2235,50
2236,66
2237,57
2238,53
2239,53
2239,57
2240,57
2241,52
2242,66
2243,57
2244,66
2245,66
2246,65
2247,66
2248,59
2249,65
2250,57
2251,66
2252,68
2253,69
2254,57
2255,68
2256,57
2257,66
2258,66
2259,66
2260,66
2261,75
2262,63
2262,23
2263,66
2264,66
2265,65
2266,1
2267,75
2268,57
2269,59
2270,68
2271,57
2272,66
2273,68
2274,65
2275,75
2276,65
2277,53
2277,57
2278,57
2279,59
2282,57
2283,53
2284,59
2285,57
2286,66
2287,69
2288,53
2289,66
2290,52
2291,53
2292,53
2293,57
2294,35
2295,59
2296,57
2297,66
2298,57
2299,69
2300,65
2301,57
2302,69
2304,66
2305,68
2306,65
2307,68
2308,68
2309,75
2310,40
2311,66
2312,66
2313,66
2314,73
2315,52
2315,23
2316,1
2317,3
2318,66
2319,75
2320,23
2321,66
2322,66
2323,59
2324,57
2325,52
2326,57
2328,75
2329,54
2330,59
2332,46
2333,68
2334,65
2335,68
2336,57
2337,57
2338,75
2339,42
2340,75
2341,68
2342,6
2343,68
2344,68
2345,69
2346,57
2347,57
2349,66
2350,57
2351,23
2352,68
2353,66
2354,53
2355,69
2356,66
2357,65
2358,11
2358,14
2359,66
2360,75
2361,43
2362,66
2363,42
2364,55
2365,68
2367,17
2368,68
2369,59
2370,65
2371,52
2372,68
2373,57
2374,4
2375,75
2376,1
2377,2
2378,57
2379,46
2380,69
2381,69
2382,68
2383,52
2384,66
2385,57
2386,66
2387,23
2388,75
2389,1
2390,66
2391,65
2392,57
2393,68
2394,66
2395,69
2396,66
2397,68
2398,35
2399,57
2401,57
2402,57
2403,57
2404,66
2405,68
2406,68
2407,57
2408,63
2409,75
2410,57
2411,65
2412,57
2413,68
2414,68
2415,75
2416,75
2417,57
2418,66
2419,66
2420,65
2421,65
2422,63
2423,68
2424,68
2425,53
2427,57
2429,66
2430,57
2431,66
2432,54
2433,24
2434,68
2435,52
2437,66
2438,68
2439,1
2440,68
2441,66
2442,57
2443,65
2444,66
2445,2
2446,68
2447,57
2448,57
2449,65
2450,57
2451,65
2452,57
2453,65
2454,57
2455,3
2456,52
2458,68
2459,66
2460,52
2461,54
2462,66
2463,66
2464,58
2465,65
2466,66
2467,65
2468,1
2469,66
2470,66
2471,59
2472,66
2473,65
2474,75
2475,65
2476,57
2477,69
2478,66
2479,69
2480,66
2482,57
2483,57
2484,65
2485,57
2486,75
2487,46
2488,65
2489,59
2490,57
2491,57
2492,57
2493,45
2494,59
2495,75
2496,23
2497,66
2498,69
2499,69
2500,59
2501,59
2502,66
2503,1
2504,52
2505,65
2506,29
2507,65
2508,66
2509,66
2510,66
2511,65
2512,75
2513,75
2514,57
2515,1
2516,23
2517,65
2518,33
2519,23
2521,35
2522,29
2523,52
2524,23
2525,75
2526,50
2527,57
2529,66
2530,57
2531,69
2532,54
2533,66
2534,57
2535,68
2536,66
2537,66
2538,53
2538,57
2539,52
2540,52
2541,68
2542,43
2543,3
2545,57
2546,54
2548,57
2549,73
2551,66
2552,75
2553,66
2554,75
2555,65
2556,68
2557,30
2558,57
2559,1
2560,66
2561,46
2562,65
2563,11
2564,66
2565,59
2566,57
2567,42
2568,59
2569,25
2570,66
2572,40
2573,66
2574,69
2575,65
2577,1
2578,1
2579,57
2580,66
2581,59
2582,66
2583,69
2585,68
2586,66
2587,35
2588,75
2589,1
2590,69
2591,52
2592,57
2593,2
2594,68
2596,66
2597,23
2598,35
2599,69
2600,75
2602,35
2603,57
2604,46
2605,59
2606,50
2607,3
2608,53
2609,63
2610,59
2611,57
2612,66
2613,69
2614,43
2615,66
2616,66
2617,66
2618,65
2619,68
2620,68
2621,66
2622,59
2625,33
2626,65
2627,69
2628,66
2629,54
2630,66
2631,66
2632,66
2634,75
2635,58
2636,66
2637,66
2638,23
2639,75
2640,6
2641,57
2642,57
2643,57
2644,66
2646,11
2647,65
2648,29
2649,52
2650,66
2651,68
2652,35
2653,57
2654,68
2655,59
2655,57
2656,23
2658,75
2659,66
2660,46
2661,65
2662,57
2663,66
2664,68
2665,46
2666,57
2667,66
2668,1
2669,3
2670,69
2671,53
2672,54
2673,69
2674,57
2676,53
2677,68
2678,75
2680,23
2681,35
2682,66
2683,63
2683,23
2684,63
2684,23
2685,53
2686,75
2687,63
2687,23
2688,52
2689,65
2690,65
2691,66
2692,66
2693,75
2694,54
2695,65
2696,54
2698,66
2699,66
2700,66
2701,69
2702,59
2703,66
2704,57
2705,1
2706,66
2707,68
2708,59
2709,75
2710,53
2711,57
2712,75
2713,11
2714,57
2715,57
2716,57
2717,45
2718,66
2719,68
2720,66
2721,52
2722,50
2723,52
2724,35
2724,75
2725,27
2726,52
2727,75
2728,66
2729,33
2730,66
2731,75
2732,75
2733,69
2734,69
2735,68
2736,66
2737,66
2738,57
2739,66
2740,29
2741,75
2742,52
2743,66
2744,57
2745,52
2746,57
2747,68
2749,52
2750,69
2751,66
2752,29
2753,66
2754,66
2755,1
2756,66
2757,23
2758,66
2759,65
2760,65
2761,52
2762,24
2763,23
2764,40
2766,29
2768,59
2769,65
2770,57
2771,66
2772,65
2773,66
2774,69
2776,50
2777,68
2778,57
2779,53
2780,59
2781,59
2782,68
2783,57
2785,66
2786,68
2787,68
2788,57
2789,66
2791,29
2792,35
2794,35
2795,66
2796,57
2797,66
2798,57
2799,57
2800,54
2801,53
2802,57
2803,57
2804,52
2805,68
2806,52
2807,57
2808,59
2809,52
2810,65
2811,66
2812,68
2813,1
2815,65
2816,57
2817,66
2818,68
2820,68
2821,65
2822,42
2823,66
2824,65
2825,2
2826,75
2827,69
2828,68
2829,65
2830,57
2831,65
2832,69
2833,69
2834,68
2835,69
2836,52
2837,65
2838,66
2839,68
2840,68
2841,66
2842,65
2843,53
2844,65
2845,68
2846,1
2847,75
2848,35
2849,69
2850,57
2851,69
2852,57
2853,69
2854,1
2855,68
2856,50
2857,57
2858,57
2859,35
2860,52
2861,57
2862,1
2863,75
2864,67
2865,1
2866,75
2867,66
2868,50
2869,75
2870,1
2871,59
2872,57
2873,57
2874,68
2876,57
2877,52
2878,1
2879,68
2881,65
2882,65
2883,57
2884,75
2885,66
2886,66
2888,68
2889,63
2889,23
2890,57
2891,68
2892,57
2893,52
2894,35
2895,35
2896,3
2897,68
2898,66
2899,23
2900,57
2901,65
2902,65
2903,66
2904,69
2905,69
2906,66
2908,2
2909,68
2910,57
2911,75
2912,54
2913,1
2915,69
2917,69
2920,52
2921,65
2922,23
2923,75
2924,65
2925,57
2926,57
2927,66
2928,57
2929,66
2930,57
2931,57
2932,57
2933,1
2934,68
2935,52
2936,68
2937,68
2938,53
2939,66
2940,68
2941,66
2942,53
2943,3
2944,57
2945,54
2946,69
2947,57
2948,60
2949,57
2950,52
2951,66
2952,40
2953,69
2954,68
2955,75
2956,66
2957,66
2958,68
2959,23
2961,68
2962,23
2963,66
2964,73
2965,45
2966,3
2967,66
2968,33
2969,57
2970,66
2971,59
2972,66
2973,66
2974,69
2975,65
2976,52
2977,57
2978,65
2979,57
2980,54
2981,57
2982,52
2983,68
2984,66
2986,66
2987,75
2988,23
2989,66
2990,66
2991,40
2992,2
2993,57
2994,57
2995,75
2996,25
2997,35
2998,23
3000,54
3001,57
3002,68
3003,66
3004,66
3005,57
3006,68
3007,69
3008,68
3009,2
3010,65
3011,57
3013,69
3014,2
3015,59
3016,68
3017,52
3018,57
3019,23
3020,75
3021,75
3022,66
3023,65
3024,65
3025,66
3026,57
3027,66
3028,57
3029,52
3030,75
3031,46
3032,2
3034,57
3035,57
3036,45
3037,66
3038,59
3039,52
3040,57
3041,59
3042,69
3043,59
3044,75
3045,66
3046,57
3048,57
3049,54
3050,53
3051,68
3052,68
3053,1
3054,65
3055,57
3056,66
3057,52
3059,57
3060,66
3061,68
3062,66
3063,66
3064,68
3065,66
3066,68
3068,52
3069,66
3070,1
3071,57
3072,66
3073,1
3074,57
3075,1
3076,57
3077,57
3079,57
3081,68
3082,65
3083,68
3084,53
3085,69
3086,57
3087,68
3089,66
3090,66
3092,57
3093,59
3094,65
3096,69
3097,2
3098,68
3099,57
3100,65
3101,69
3103,1
3104,72
3105,57
3106,66
3107,54
3108,65
3109,66
3110,75
3111,65
3112,65
3113,36
3114,52
3115,68
3116,73
3116,35
3118,66
3119,66
3120,57
3121,35
3123,57
3124,65
3125,58
3126,57
3127,68
3128,65
3129,68
3130,57
3131,59
3132,60
3133,52
3134,69
3135,52
3136,68
3137,73
3138,68
3139,73
3140,66
3142,69
3143,23
3144,43
3145,66
3145,75
3147,75
3148,53
3149,54
3150,42
3151,68
3152,68
3153,66
3154,11
3155,57
3157,75
3158,59
3159,65
3160,68
3161,59
3162,69
3163,24
3164,6
3165,68
3168,66
3169,52
3170,2
3171,54
3171,66
3172,66
3173,69
3174,23
3175,35
3176,54
3177,63
3177,23
3178,66
3179,66
3180,65
3181,75
3182,43
3183,69
3184,69
3185,50
3186,66
3187,65
3188,1
3189,66
3190,57
3191,3
3191,4
3192,2
3193,66
3194,65
3195,65
3196,3
3197,68
3198,68
3199,57
3200,4
3201,57
3202,1
3203,57
3204,52
3205,68
3206,68
3207,65
3208,3
3209,57
3210,1
3211,66
3212,57
3213,66
3214,7
3215,75
3216,69
3217,1
3219,35
3220,68
3221,57
3222,23
3223,66
3225,65
3227,57
3228,35
3229,33
3230,66
3231,66
3232,52
3233,68
3234,57
3235,33
3236,68
3237,66
3238,68
3239,75
3240,52
3241,66
3242,57
3243,66
3244,65
3245,53
3246,65
3248,57
3249,57
3250,66
3252,57
3253,68
3254,52
3255,68
3256,66
3257,23
3258,69
3259,68
3260,66
3261,66
3262,66
3263,40
3264,66
3265,57
3267,68
3268,23
3269,60
3270,57
3271,66
3272,57
3273,68
3274,59
3275,66
3276,69
3277,75
3278,52
3280,52
3281,1
3282,57
3283,54
3283,66
3284,66
3285,66
3286,11
3287,66
3289,66
3290,57
3291,52
3292,57
3293,65
3294,66
3295,66
3296,66
3297,52
3299,66
3300,2
3302,75
3303,68
3304,69
3305,66
3307,36
3308,66
3309,11
3309,1
3310,66
3311,65
3312,65
3313,66
3314,65
3315,23
3316,29
3317,66
3318,18
3319,75
3320,69
3322,1
3323,69
3326,57
3327,35
3328,46
3329,59
3330,23
3332,2
3333,66
3334,66
3335,2
3336,57
3337,65
3338,59
3339,57
3340,57
3341,65
3342,53
3343,66
3344,33
3345,57
3346,14
3347,65
3348,68
3349,68
3350,66
3351,46
3352,39
3353,66
3354,75
3355,66
3356,66
3357,66
3358,68
3359,1
3360,68
3361,1
3362,75
3364,66
3365,1
3366,66
3367,42
3368,2
3370,57
3372,66
3374,57
3375,65
3376,65
3377,69
3378,65
3379,46
3381,69
3383,57
3384,75
3385,4
3386,66
3386,75
3387,66
3389,45
3390,75
3391,68
3392,3
3393,68
3394,68
3396,75
3397,69
3398,66
3399,59
3400,66
3401,68
3402,66
3403,23
3404,63
3404,23
3405,29
3406,66
3407,68
3408,57
3409,54
3410,57
3412,66
3413,57
3414,35
3416,54
3417,57
3418,54
3419,57
3420,52
3422,66
3424,68
3425,54
3426,65
3427,53
3428,57
3429,39
3431,52
3432,57
3433,57
3434,65
3435,52
3436,2
3437,2
3438,57
3439,54
3440,35
3441,23
3442,33
3443,52
3444,66
3445,57
3446,29
3448,57
3449,42
3450,66
3451,65
3452,65
3453,68
3454,69
3455,68
3456,33
3457,57
3458,68
3459,68
3460,75
3461,65
3462,1
3463,68
3464,68
3465,3
3466,1
3467,66
3468,63
3468,23
3469,33
3470,66
3471,1
3472,65
3473,52
3474,66
3475,75
3476,3
3477,54
3478,57
3479,26
3480,57
3481,46
3482,57
3483,52
3485,66
3486,66
3488,69
3489,68
3490,66
3491,66
3492,75
3493,68
3494,29
3495,69
3496,52
3497,57
3498,52
3499,57
3500,68
3501,68
3502,57
3505,65
3506,66
3507,66
3508,75
3509,66
3510,23
3511,65
3512,66
3513,66
3514,66
3515,65
3516,75
3517,68
3518,65
3520,57
3521,57
3522,57
3523,66
3524,53
3525,66
3527,23
3528,66
3529,65
3530,52
3531,52
3532,66
3533,66
3534,66
3535,2
3536,69
3537,66
3538,65
3539,53
3540,65
3541,57
3542,35
3543,66
3544,57
3545,52
3547,68
3549,43
3550,75
3551,65
3552,66
3553,45
3554,57
3555,57
3557,66
3558,68
3559,57
3560,66
3562,57
3564,65
3565,66
3566,68
3567,52
3567,23
3568,53
3569,2
3570,66
3571,66
3572,23
3574,59
3575,59
3576,65
3577,65
3578,35
3579,66
3580,3
3580,4
3581,1
3582,65
3583,53
3584,1
3585,75
3586,57
3587,2
3589,69
3590,2
3591,57
3593,23
3594,69
3596,46
3597,57
3598,68
3599,66
3600,40
3602,66
3603,75
3604,3
3605,1
3606,68
3608,57
3609,23
3610,66
3611,69
3612,23
3613,65
3614,68
3615,57
3616,66
3617,59
3618,68
3619,65
3620,57
3621,57
3622,1
3623,35
3624,65
3625,68
3626,11
3627,66
3628,66
3629,73
3630,69
3631,68
3632,57
3633,75
3634,17
3635,68
3636,66
3637,52
3638,66
3638,75
3639,29
3640,11
3640,2
3641,69
3642,57
3643,57
3644,57
3645,45
3646,68
3647,2
3648,52
3649,68
3650,66
3651,66
3652,57
3653,1
3654,66
3655,23
3656,57
3657,66
3658,66
3659,23
3660,45
3661,1
3662,68
3663,75
3665,54
3666,3
3666,4
3668,69
3669,69
3670,52
3671,57
3672,57
3673,57
3674,29
3675,68
3676,59
3677,68
3679,75
3680,57
3681,29
3682,68
3683,68
3684,68
3685,57
3686,66
3687,52
3688,68
3689,35
3690,66
3691,63
3691,23
3692,66
3693,54
3694,66
3695,63
3695,23
3696,66
3697,57
3698,75
3699,65
3700,57
3701,67
3702,65
3703,66
3704,3
3705,66
3706,57
3707,66
3708,59
3709,18
3710,2
3711,66
3712,65
3713,46
3714,65
3715,68
3716,52
3717,68
3718,57
3719,66
3720,66
3721,57
3722,68
3723,65
3724,29
3725,66
3726,66
3727,53
3729,57
3730,59
3731,2
3732,65
3733,52
3734,57
3735,68
3736,57
3737,75
3738,57
3739,66
3740,65
3741,65
3743,54
3744,75
3745,65
3746,68
3747,66
3748,57
3749,59
3750,59
3751,66
3752,57
3753,57
3754,65
3756,40
3757,69
3758,66
3759,68
3760,29
3761,23
3762,23
3763,66
3764,1
3765,65
3766,75
3767,65
3768,66
3769,66
3770,68
3771,2
3772,66
3773,57
3774,53
3775,57
3776,59
3777,65
3778,57
3780,65
3781,57
3782,57
3783,66
3784,69
3786,68
3787,59
3788,75
3789,59
3790,66
3791,65
3792,68
3793,35
3795,68
3796,68
3797,57
3798,57
3799,68
3800,65
3801,57
3803,66
3804,52
3805,68
3806,69
3807,75
3808,66
3810,1
3811,23
3812,66
3813,1
3814,65
3815,66
3816,66
3817,66
3818,23
3819,66
3820,40
3821,54
3822,42
3823,55
3824,23
3825,58
3826,65
3828,68
3829,57
3830,57
3831,2
3832,46
3833,57
3834,40
3835,66
3836,42
3837,57
3838,23
3839,66
3840,57
3841,75
3842,57
3843,68
3844,57
3845,40
3846,69
3847,69
3848,66
3849,52
3850,3
3850,4
3851,66
3852,46
3853,66
3854,66
3855,11
3856,68
3857,69
3858,69
3859,66
3860,66
3861,66
3862,66
3863,65
3864,54
3866,43
3868,35
3869,75
3870,69
3871,69
3872,57
3873,66
3874,68
3876,75
3878,52
3879,69
3880,2
3881,3
3881,4
3882,65
3883,69
3884,57
3885,66
3886,57
3887,66
3888,66
3889,75
3890,29
3891,45
3892,75
3893,69
3895,68
3896,46
3897,29
3898,45
3899,59
3901,2
3902,68
3903,57
3904,68
3905,66
3906,57
3907,1
3908,53
3909,53
3910,65
3911,20
3912,35
3913,66
3914,59
3916,66
3917,66
3918,35
3919,2
3920,57
3921,6
3922,54
3923,69
3924,69
3925,57
3926,69
3927,69
3928,53
3929,66
3930,65
3932,65
3933,65
3934,65
3935,57
3936,57
3937,66
3938,75
3939,45
3940,29
3942,68
3943,68
3944,4
3945,34
3946,57
3947,75
3948,57
3949,68
3950,66
3952,23
3953,73
3954,57
3955,66
3956,66
3957,52
3958,66
3959,2
3960,52
3961,68
3962,23
3963,66
3964,3
3964,4
3965,57
3966,57
3967,29
3968,23
3969,66
3972,68
3973,68
3975,68
3976,57
3977,69
3978,65
3980,1
3981,65
3982,75
3983,57
3984,52
3985,23
3986,43
3987,66
3988,29
3989,65
3990,29
3991,63
3991,23
3992,66
3992,75
3993,66
3994,68
3995,53
3996,57
3997,18
3998,59
3999,68
4000,68
4002,57
4003,68
4004,1
4005,61
4006,68
4007,45
4008,52
4009,65
4011,66
4012,65
4014,1
4015,23
4016,75
4017,69
4018,59
4019,68
4020,66
4021,63
4022,65
4023,54
4024,66
4025,57
4026,63
4026,23
4027,66
4028,57
4029,63
4029,23
4030,75
4031,66
4032,59
4033,66
4034,66
4035,65
4036,57
4037,11
4037,2
4038,53
4039,17
4040,57
4041,68
4042,57
4043,68
4044,57
4045,1
4046,46
4047,57
4049,66
4050,1
4051,68
4052,68
4053,75
4054,65
4055,53
4056,11
4057,66
4058,69
4059,66
4060,66
4061,57
4062,57
4063,59
4064,57
4065,53
4066,69
4067,57
4068,66
4069,65
4070,65
4071,65
4072,68
4073,73
4074,39
4075,66
4076,6
4077,69
4078,46
4079,69
4080,23
4081,33
4082,68
4083,43
4085,66
4086,65
4087,65
4088,75
4089,69
4090,66
4091,75
4092,65
4094,75
4095,75
4096,68
4097,3
4098,57
4100,65
4101,75
4102,66
4103,66
4104,69
4105,69
4106,59
4107,57
4108,68
4109,66
4110,66
4111,65
4113,57
4114,75
4115,66
4116,68
4117,65
4118,66
4119,66
4120,57
4121,75
4122,2
4123,65
4124,57
4125,57
4126,65
4127,65
4128,2
4129,66
4130,15
4131,35
4132,62
4133,69
4135,66
4136,26
4137,65
4138,59
4139,11
4139,6
4140,66
4141,66
4142,66
4143,68
4144,52
4145,57
4147,66
4148,52
4149,66
4150,66
4151,68
4152,57
4153,68
4154,65
4155,35
4156,66
4158,66
4159,70
4160,66
4162,66
4163,65
4165,57
4166,57
4167,23
4168,1
4169,66
4170,53
4170,57
4172,66
4173,65
4174,3
4174,4
4175,65
4177,66
4178,35
4179,68
4182,66
4183,40
4184,68
4185,66
4186,57
4188,59
4189,46
4190,66
4191,66
4192,54
4193,65
4194,65
4195,73
4197,66
4198,68
4200,57
4201,23
4202,68
4203,68
4204,57
4205,35
4206,75
4207,52
4210,2
4212,35
4213,54
4214,4
4215,59
4216,66
4217,33
4218,66
4219,75
4220,68
4221,65
4222,65
4223,57
4224,57
4225,57
4226,3
4227,68
4228,68
4229,65
4230,66
4231,66
4232,3
4233,57
4234,66
4235,35
4236,66
4237,66
4238,54
4239,66
4240,65
4241,65
4242,59
4243,75
4244,66
4245,2
4246,52
4247,1
4248,68
4250,68
4251,3
4251,4
4253,66
4254,1
4255,46
4256,6
4257,68
4258,46
4259,68
4260,69
4261,65
4262,66
4264,3
4265,75
4266,35
4267,57
4268,75
4270,35
4271,75
4272,45
4273,66
4274,66
4275,68
4276,11
4277,69
4278,66
4279,69
4280,1
4281,65
4282,66
4283,29
4284,57
4286,66
4287,65
4288,23
4289,66
4290,57
4291,65
4292,52
4293,66
4294,69
4295,66
4296,68
4297,66
4298,59
4299,3
4300,53
4301,54
4302,33
4303,66
4304,50
4305,2
4306,75
4307,57
4308,2
4309,66
4310,66
4311,66
4312,65
4314,68
4315,65
4316,52
4318,68
4319,57
4320,69
4321,65
4322,66
4323,69
4324,66
4325,69
4326,2
4328,37
4329,57
4330,66
4331,53
4332,53
4333,66
4334,66
4335,68
4336,75
4337,68
4338,68
4339,54
4340,50
4341,57
4342,53
4344,46
4345,65
4347,68
4348,66
4349,75
4350,69
4351,68
4352,66
4353,57
4354,57
4355,57
4356,57
4357,75
4358,69
4359,66
4361,68
4362,69
4364,57
4365,35
4367,66
4368,66
4369,57
4370,68
4371,57
4372,18
4373,52
4374,65
4375,66
4376,57
4377,59
4378,66
4379,68
4380,40
4381,46
4382,66
4383,66
4384,65
4385,53
4386,75
4387,66
4388,66
4389,75
4390,54
4391,1
4392,57
4393,57
4394,3
4394,4
4395,66
4396,33
4399,46
4400,23
4401,57
4403,3
4404,35
4405,46
4406,66
4408,68
4409,68
4410,65
4411,53
4412,66
4413,35
4414,65
4415,33
4416,33
4417,57
4418,68
4419,66
4421,68
4422,69
4423,52
4424,65
4425,1
4426,68
4427,66
4428,57
4429,3
4430,66
4431,66
4432,66
4433,54
4434,75
4435,66
4436,66
4438,57
4439,26
4440,66
4441,66
4442,66
4445,59
4446,68
4447,66
4448,69
4449,68
4450,65
4451,65
4452,65
4453,68
4454,65
4455,46
4456,66
4457,53
4458,75
4459,57
4460,68
4461,68
4462,57
4463,68
4464,69
4465,66
4466,66
4467,35
4468,23
4469,66
4470,57
4471,57
4473,57
4474,68
4475,29
4476,65
4477,57
4478,57
4479,68
4480,65
4481,54
4482,54
4483,68
4484,2
4485,40
4486,59
4488,57
4489,68
4490,66
4491,66
4492,68
4493,68
4494,57
4495,65
4496,66
4497,66
4499,46
4500,65
4501,66
4502,66
4503,68
4504,69
4505,65
4507,68
4508,66
4509,35
4510,65
4511,23
4512,65
4513,65
4514,75
4515,57
4516,66
4517,66
4518,57
4519,57
4520,54
4521,6
4522,69
4523,66
4525,57
4526,66
4527,65
4528,46
4529,53
4530,57
4531,59
4532,59
4533,65
4534,68
4535,66
4536,57
4537,57
4538,63
4539,45
4540,45
4541,68
4542,52
4543,57
4544,68
4545,65
4547,57
4548,66
4549,53
4549,57
4550,57
4551,68
4552,69
4553,42
4554,75
4556,35
4557,68
4558,66
4559,75
4560,70
4562,54
4563,66
4564,35
4565,69
4566,57
4567,57
4568,2
4569,66
4570,65
4571,68
4572,66
4573,66
4575,68
4576,57
4577,35
4578,53
4579,57
4580,59
4581,75
4583,68
4584,52
4585,17
4586,57
4587,66
4588,59
4590,69
4591,75
4592,70
4593,66
4594,66
4595,66
4597,66
4598,73
4599,1
4600,1
4602,69
4603,23
4604,1
4605,35
4606,68
4607,69
4608,75
4611,75
4612,66
4613,57
4614,57
4615,59
4616,59
4617,59
4618,7
4620,59
4621,3
4622,45
4623,39
4624,65
4625,57
4626,69
4627,52
4629,65
4630,57
4631,66
4632,57
4633,65
4634,65
4635,52
4636,69
4637,23
4638,69
4639,35
4640,52
4641,63
4641,23
4642,75
4643,68
4644,1
4645,1
4646,75
4647,47
4647,68
4648,69
4649,68
4650,65
4651,65
4652,65
4653,57
4654,52
4655,75
4656,11
4656,6
4657,57
4658,65
4660,35
4661,68
4662,65
4663,57
4664,35
4665,66
4666,40
4667,66
4668,2
4669,65
4671,69
4672,52
4673,15
4674,66
4675,66
4676,65
4677,68
4678,68
4679,65
4680,69
4681,57
4682,66
4683,68
4684,66
4685,65
4686,69
4687,7
4688,52
4689,66
4690,65
4691,65
4692,75
4693,66
4694,69
4695,57
4696,59
4697,35
4698,66
4699,3
4700,42
4702,57
4703,61
4704,57
4705,59
4706,66
4707,11
4707,2
4708,66
4709,59
4710,66
4711,54
4712,57
4713,69
4714,68
4715,53
4716,57
4718,57
4719,1
4720,66
4721,46
4722,57
4723,57
4724,54
4725,68
4726,68
4727,54
4728,69
4729,68
4730,66
4731,65
4732,57
4733,65
4734,29
4735,75
4736,65
4738,66
4739,68
4740,40
4741,29
4742,23
4743,1
4744,23
4745,2
4746,54
4747,66
4748,65
4749,59
4750,57
4751,1
4752,1
4754,54
4755,57
4756,66
4757,57
4758,24
4759,45
4760,66
4761,66
4763,60
4765,69
4767,65
4768,35
4769,66
4770,68
4771,53
4771,57
4772,66
4773,65
4774,2
4775,1
4776,66
4777,66
4778,68
4781,73
4782,1
4783,65
4784,75
4785,66
4786,35
4787,65
4788,66
4789,66
4790,29
4791,59
4792,46
4793,57
4794,66
4795,59
4796,50
4797,54
4798,57
4799,66
4800,65
4801,35
4803,57
4804,40
4805,57
4806,68
4807,52
4808,57
4809,66
4812,75
4813,68
4814,46
4815,54
4815,66
4816,66
4817,66
4818,66
4819,59
4819,57
4820,59
4821,68
4822,66
4824,68
4825,6
4826,66
4827,69
4828,4
4829,54
4831,66
4832,52
4833,75
4834,35
4835,66
4836,35
4838,66
4839,65
4840,66
4841,35
4842,65
4843,66
4844,66
4845,66
4846,66
4847,3
4847,4
4848,54
4849,65
4850,57
4851,1
4852,3
4853,69
4854,59
4855,66
4856,27
4857,59
4858,57
4859,57
4860,57
4861,57
4863,43
4864,68
4865,66
4866,57
4868,66
4869,23
4870,66
4871,66
4872,54
4873,57
4874,68
4875,54
4876,66
4877,66
4878,68
4879,69
4880,66
4881,69
4882,35
4883,66
4884,65
4885,66
4886,66
4887,65
4888,66
4889,7
4891,66
4892,63
4892,23
4893,66
4894,68
4895,68
4897,69
4898,54
4899,35
4900,66
4901,54
4903,52
4904,57
4905,63
4906,75
4907,1
4908,65
4909,68
4910,75
4911,66
4912,68
4913,75
4915,57
4916,57
4917,66
4918,66
4919,46
4921,68
4922,68
4923,68
4924,66
4925,1
4926,57
4927,27
4928,57
4929,68
4930,20
4931,66
4932,52
4933,35
4935,65
4936,65
4937,66
4938,65
4939,66
4940,68
4941,57
4942,59
4944,2
4946,65
4947,75
4948,42
4949,68
4950,68
4951,66
4952,65
4953,52
4954,57
4955,57
4956,1
4958,57
4959,23
4960,35
4961,66
4961,75
4962,7
4963,65
4964,53
4965,57
4966,59
4967,75
4968,57
4969,6
4970,68
4971,75
4972,57
4973,59
4974,2
4975,68
4976,66
4977,65
4979,75
4980,68
4982,65
4983,50
4984,66
4985,69
4986,66
4987,66
4988,75
4989,69
4990,53
4991,57
4992,66
4993,66
4994,68
4995,52
4996,66
4997,65
4998,68
4999,57
5000,57
5001,57
5002,68
5003,69
5004,75
5005,53
5006,69
5007,68
5008,69
5009,54
5010,75
5011,75
5012,51
5013,68
5014,53
5015,65
5016,66
5017,65
5018,11
5018,14
5019,1
5020,1
5021,68
5022,66
5023,57
5025,2
5026,59
5026,57
5027,65
5028,59
5029,54
5030,69
5031,68
5032,68
5033,68
5034,45
5035,65
5036,57
5037,75
5038,30
5039,2
5040,57
5041,66
5042,68
5043,59
5044,68
5045,66
5046,68
5047,53
5048,75
5049,43
5049,73
5049,65
5050,73
5051,75
5053,17
5054,52
5055,66
5056,66
5057,50
5059,3
5060,57
5061,66
5062,75
5063,54
5064,57
5065,68
5066,24
5067,65
5068,57
5069,65
5071,53
5072,69
5073,75
5074,68
5075,59
5075,57
5076,68
5077,68
5078,57
5079,65
5080,57
5081,65
5082,66
5083,66
5084,68
5085,68
5086,66
5087,57
5088,57
5089,68
5090,68
5092,66
5093,59
5094,4
5095,69
5096,66
5097,75
5098,4
5099,57
5100,66
5101,68
5102,66
5103,46
5104,63
5105,68
5106,73
5107,66
5108,57
5109,69
5110,35
5111,66
5112,69
5113,1
5114,57
5115,57
5116,57
5117,65
5118,1
5119,57
5120,59
5121,68
5123,57
5124,54
5125,66
5126,58
5128,66
5129,68
5130,57
5131,75
5132,57
5133,46
5134,57
5135,66
5136,65
5137,66
5138,66
5139,1
5140,57
5141,69
5142,52
5143,11
5144,57
5145,57
5146,68
5147,69
5148,33
5149,68
5150,66
5151,1
5152,46
5152,2
5153,23
5154,57
5155,66
5156,69
5157,66
5158,53
5158,57
5159,35
5160,65
5161,18
5162,57
5163,29
5164,65
5166,57
5167,2
5168,1
5169,2
5170,59
5171,66
5172,46
5173,75
5174,69
5175,6
5176,59
5177,66
5178,66
5179,65
5180,68
5181,66
5182,57
5183,57
5184,69
5185,65
5186,65
5187,66
5188,66
5189,66
5190,75
5191,33
5192,66
5193,65
5194,1
5195,66
5196,11
5196,2
5197,69
5198,69
5198,68
5200,66
5201,57
5202,57
5203,27
5204,54
5205,42
5206,53
5207,65
5209,57
5210,52
5211,54
5212,57
5213,1
5214,66
5215,69
5216,68
5217,52
5218,2
5219,65
5221,66
5222,35
5223,69
5224,57
5225,50
5226,66
5227,66
5228,29
5229,54
5230,66
5231,66
5232,66
5233,57
5234,1
5235,22
5236,75
5237,69
5238,68
5239,54
5240,66
5241,57
5242,2
5243,68
5244,66
5245,60
5246,65
5247,66
5248,57
5249,53
5250,3
5250,4
5253,52
5254,68
5255,66
5256,69
5257,36
5258,65
5259,59
5260,52
5261,68
5262,57
5264,66
5265,54
5266,57
5267,66
5268,42
5269,66
5270,68
5271,68
5272,68
5273,69
5274,68
5275,52
5276,69
5277,52
5278,60
5279,65
5280,66
5281,29
5282,66
5283,66
5284,57
5285,66
5286,65
5287,66
5288,66
5289,42
5290,1
5291,52
5291,23
5292,52
5293,66
5294,57
5295,69
5296,57
5297,2
5298,59
5299,52
5300,35
5301,68
5302,66
5303,75
5305,68
5306,57
5307,2
5308,65
5309,6
5310,66
5311,53
5312,54
5313,57
5314,50
5315,69
5316,69
5317,1
5318,46
5320,57
5322,68
5324,65
5325,66
5326,40
5327,66
5328,1
5329,66
5330,65
5331,68
5332,57
5333,66
5335,3
5335,4
5336,75
5337,58
5338,65
5339,68
5340,68
5341,40
5342,57
5343,52
5344,66
5345,52
5346,68
5348,57
5349,66
5349,75
5350,66
5351,65
5352,1
5353,68
5354,75
5355,66
5356,53
5357,65
5358,68
5359,57
5360,20
5361,59
5362,65
5363,42
5364,45
5365,52
5367,54
5368,43
5369,68
5370,65
5371,68
5372,57
5373,57
5374,69
5375,46
5376,54
5377,57
5378,57
5379,69
5380,68
5381,65
5382,65
5383,42
5384,54
5385,65
5386,3
5386,4
5387,69
5388,68
5389,11
5390,57
5391,75
5392,1
5393,57
5394,68
5396,57
5397,42
5398,68
5399,66
5400,59
5400,57
5401,53
