Scientific Name,Taxon Rank
scientificName,taxonRank
Plantae,kingdom
angiosperms,clade
Amborellales,order
Amborellaceae,family
Nymphaeales,order
Cabombaceae,family
Hydatellaceae,family
Nymphaeaceae,family
Austrobaileyales,order
Austrobaileyaceae,family
Schisandraceae,family
Trimeniaceae,family
magnoliids,clade
Canellales,order
Canellaceae,family
Winteraceae,family
Piperales,order
Aristolochiaceae,family
Hydnoraceae,family
Lactoridaceae,family
Piperaceae,family
Saururaceae,family
Magnoliales,order
Annonaceae,family
Degeneriaceae,family
Eupomatiaceae,family
Himantandraceae,family
Myristicaceae,family
Magnoliaceae,family
Laurales,order
Atherospermataceae,family
Calycanthaceae,family
Gomortegaceae,family
Hernandiaceae,family
Lauraceae,family
Monimiaceae,family
Siparunaceae,family
Chloranthales,order
Chloranthaceae,family
monocots,clade
Acorales,order
Acoraceae,family
Alismatales,order
Alismataceae,family
Aponogetonaceae,family
Araceae,family
Butomaceae,family
Cymodoceaceae,family
Hydrocharitaceae,family
Juncaginaceae,family
Maundiaceae,family
Posidoniaceae,family
Potamogetonaceae,family
Ruppiaceae,family
Scheuchzeriaceae,family
Tofieldiaceae,family
Zosteraceae,family
Petrosaviales,order
Petrosaviaceae,family
Dioscoreales,order
Burmanniaceae,family
Dioscoreaceae,family
Nartheciaceae,family
Pandanales,order
Cyclanthaceae,family
Pandanaceae,family
Stemonaceae,family
Triuridaceae,family
Velloziaceae,family
Liliales,order
Alstroemeriaceae,family
Campynemataceae,family
Colchicaceae,family
Corsiaceae,family
Liliaceae,family
Melanthiaceae,family
Petermanniaceae,family
Philesiaceae,family
Ripogonaceae,family
Smilacaceae,family
Asparagales,order
Amaryllidaceae,family
Asparagaceae,family
Asphodelaceae,family
Xanthorrhoeaceae,family
Asteliaceae,family
Blandfordiaceae,family
Boryaceae,family
Doryanthaceae,family
Hypoxidaceae,family
Iridaceae,family
Ixioliriaceae,family
Lanariaceae,family
Orchidaceae,family
Tecophilaeaceae,family
Xeronemataceae,family
Arecales,order
Dasypogonaceae,family
Arecaceae,family
Palmae,family
Commelinales,order
Commelinaceae,family
Haemodoraceae,family
Hanguanaceae,family
Philydraceae,family
Pontederiaceae,family
Zingiberales,order
Cannaceae,family
Costaceae,family
Heliconiaceae,family
Lowiaceae,family
Marantaceae,family
Musaceae,family
Strelitziaceae,family
Zingiberaceae,family
Poales,order
Bromeliaceae,family
Cyperaceae,family
Ecdeiocoleaceae,family
Eriocaulaceae,family
Flagellariaceae,family
Joinvilleaceae,family
Juncaceae,family
Mayacaceae,family
Poaceae,family
Gramineae,family
Rapateaceae,family
Restionaceae,family
Anarthriaceae,family
Centrolepidaceae,family
Thurniaceae,family
Typhaceae,family
Xyridaceae,family
Ceratophyllales,order
Ceratophyllaceae,family
eudicots,clade
Ranunculales,order
Berberidaceae,family
Circaeasteraceae,family
Eupteleaceae,family
Lardizabalaceae,family
Menispermaceae,family
Papaveraceae,family
Ranunculaceae,family
Proteales,order
Nelumbonaceae,family
Platanaceae,family
Proteaceae,family
Sabiaceae,family
Trochodendrales,order
Trochodendraceae,family
Buxales,order
Buxaceae,family
Haptanthaceae,family
core,eudicots
Gunnerales,order
Gunneraceae,family
Myrothamnaceae,family
Dilleniales,order
Dilleniaceae,family
superrosids,clade
Saxifragales,order
Altingiaceae,family
Aphanopetalaceae,family
Cercidiphyllaceae,family
Crassulaceae,family
Cynomoriaceae,family
Daphniphyllaceae,family
Grossulariaceae,family
Haloragaceae,family
Hamamelidaceae,family
Iteaceae,family
Paeoniaceae,family
Penthoraceae,family
Peridiscaceae,family
Saxifragaceae,family
Tetracarpaeaceae,family
rosids,clade
Celastrales,order
Celastraceae,family
Lepidobotryaceae,family
Oxalidales,order
Brunelliaceae,family
Cephalotaceae,family
Connaraceae,family
Cunoniaceae,family
Elaeocarpaceae,family
Huaceae,family
Oxalidaceae,family
Malpighiales,order
Achariaceae,family
Balanopaceae,family
Bonnetiaceae,family
Calophyllaceae,family
Caryocaraceae,family
Centroplacaceae,family
Chrysobalanaceae,family
Clusiaceae,family
Guttiferae,family
Ctenolophonaceae,family
Dichapetalaceae,family
Elatinaceae,family
Erythroxylaceae,family
Euphorbiaceae,family
Euphroniaceae,family
Goupiaceae,family
Humiriaceae,family
Hypericaceae,family
Irvingiaceae,family
Ixonanthaceae,family
Lacistemataceae,family
Linaceae,family
Lophopyxidaceae,family
Malpighiaceae,family
Ochnaceae,family
Pandaceae,family
Passifloraceae,family
Peraceae,family
Phyllanthaceae,family
Picrodendraceae,family
Podostemaceae,family
Putranjivaceae,family
Rafflesiaceae,family
Rhizophoraceae,family
Salicaceae,family
Trigoniaceae,family
Violaceae,family
Vitales,order
Vitaceae,family
fabids,clade
Zygophyllales,order
Krameriaceae,family
Zygophyllaceae,family
Fabales,order
Fabaceae,family
Leguminosae,family
Polygalaceae,family
Quillajaceae,family
Surianaceae,family
Rosales,order
Barbeyaceae,family
Cannabaceae,family
Dirachmaceae,family
Elaeagnaceae,family
Moraceae,family
Rhamnaceae,family
Rosaceae,family
Ulmaceae,family
Urticaceae,family
Fagales,order
Betulaceae,family
Casuarinaceae,family
Fagaceae,family
Juglandaceae,family
Myricaceae,family
Nothofagaceae,family
Ticodendraceae,family
Cucurbitales,order
Anisophylleaceae,family
Apodanthaceae,family
Begoniaceae,family
Coriariaceae,family
Corynocarpaceae,family
Cucurbitaceae,family
Datiscaceae,family
Tetramelaceae,family
malvids,clade
Geraniales,order
Francoaceae,family
Bersamaceae,family
Greyiaceae,family
Ledocarpaceae,family
Melianthaceae,family
Rhynchothecaceae,family
Vivianiaceae,family
Geraniaceae,family
Myrtales,order
Alzateaceae,family
Combretaceae,family
Crypteroniaceae,family
Lythraceae,family
Melastomataceae,family
Myrtaceae,family
Onagraceae,family
Penaeaceae,family
Vochysiaceae,family
Crossosomatales,order
Aphloiaceae,family
Crossosomataceae,family
Geissolomataceae,family
Guamatelaceae,family
Stachyuraceae,family
Staphyleaceae,family
Strasburgeriaceae,family
Picramniales,order
Picramniaceae,family
Huerteales,order
Dipentodontaceae,family
Gerrardinaceae,family
Petenaeaceae,family
Tapisciaceae,family
Sapindales,order
Anacardiaceae,family
Biebersteiniaceae,family
Burseraceae,family
Kirkiaceae,family
Meliaceae,family
Nitrariaceae,family
Rutaceae,family
Sapindaceae,family
Xanthocerataceae,family
Simaroubaceae,family
Malvales,order
Bixaceae,family
Cistaceae,family
Cytinaceae,family
Dipterocarpaceae,family
Malvaceae,family
Muntingiaceae,family
Neuradaceae,family
Sarcolaenaceae,family
Sphaerosepalaceae,family
Thymelaeaceae,family
Brassicales,order
Akaniaceae,family
Bataceae,family
Brassicaceae,family
Cruciferae,family
Capparaceae,family
Caricaceae,family
Cleomaceae,family
Emblingiaceae,family
Gyrostemonaceae,family
Koeberliniaceae,family
Limnanthaceae,family
Moringaceae,family
Pentadiplandraceae,family
Resedaceae,family
Borthwickiaceae,family
Stixidaceae,family
Salvadoraceae,family
Setchellanthaceae,family
Tovariaceae,family
Tropaeolaceae,family
superasterids,clade
Berberidopsidales,order
Aextoxicaceae,family
Berberidopsidaceae,family
Santalales,order
Balanophoraceae,family
Loranthaceae,family
Misodendraceae,family
Olacaceae,family
Opiliaceae,family
Santalaceae,family
Amphorogynaceae,family
Cervantesiaceae,family
Comandraceae,family
Nanodeaceae,family
Schoepfiaceae,family
Caryophyllales,order
Achatocarpaceae,family
Aizoaceae,family
Amaranthaceae,family
Anacampserotaceae,family
Ancistrocladaceae,family
Asteropeiaceae,family
Barbeuiaceae,family
Basellaceae,family
Cactaceae,family
Caryophyllaceae,family
Didiereaceae,family
Dioncophyllaceae,family
Droseraceae,family
Drosophyllaceae,family
Frankeniaceae,family
Gisekiaceae,family
Halophytaceae,family
Kewaceae,family
Limeaceae,family
Lophiocarpaceae,family
Macarthuriaceae,family
Microteaceae,family
Molluginaceae,family
Montiaceae,family
Nepenthaceae,family
Nyctaginaceae,family
Physenaceae,family
Phytolaccaceae,family
Plumbaginaceae,family
Polygonaceae,family
Portulacaceae,family
Rhabdodendraceae,family
Rivinaceae,family
Sarcobataceae,family
Simmondsiaceae,family
Stegnospermataceae,family
Talinaceae,family
Tamaricaceae,family
asterids,clade
Cornales,order
Cornaceae,family
Curtisiaceae,family
Grubbiaceae,family
Hydrangeaceae,family
Hydrostachyaceae,family
Loasaceae,family
Nyssaceae,family
Ericales,order
Actinidiaceae,family
Balsaminaceae,family
Clethraceae,family
Cyrillaceae,family
Diapensiaceae,family
Ebenaceae,family
Ericaceae,family
Fouquieriaceae,family
Lecythidaceae,family
Marcgraviaceae,family
Mitrastemonaceae,family
Pentaphylacaceae,family
Polemoniaceae,family
Primulaceae,family
Roridulaceae,family
Sapotaceae,family
Sarraceniaceae,family
Sladeniaceae,family
Styracaceae,family
Symplocaceae,family
Tetrameristaceae,family
Theaceae,family
lamiids,clade
Icacinales,order
Icacinaceae,family
Oncothecaceae,family
Metteniusales,order
Metteniusaceae,family
Garryales,order
Eucommiaceae,family
Garryaceae,family
Gentianales,order
Apocynaceae,family
Gelsemiaceae,family
Pteleocarpaceae,family
Gentianaceae,family
Loganiaceae,family
Rubiaceae,family
Boraginales,order
Boraginaceae,family
Codonaceae,family
Vahliales,order
Vahliaceae,family
Solanales,order
Convolvulaceae,family
Hydroleaceae,family
Montiniaceae,family
Solanaceae,family
Sphenocleaceae,family
Lamiales,order
Acanthaceae,family
Bignoniaceae,family
Byblidaceae,family
Calceolariaceae,family
Carlemanniaceae,family
Gesneriaceae,family
Lamiaceae,family
Labiatae,family
Lentibulariaceae,family
Linderniaceae,family
Martyniaceae,family
Mazaceae,family
Oleaceae,family
Orobanchaceae,family
Lindenbergiaceae,family
Paulowniaceae,family
Pedaliaceae,family
Phrymaceae,family
Plantaginaceae,family
Plocospermataceae,family
Schlegeliaceae,family
Scrophulariaceae,family
Stilbaceae,family
Tetrachondraceae,family
Thomandersiaceae,family
Verbenaceae,family
campanulids,clade
Aquifoliales,order
Aquifoliaceae,family
Cardiopteridaceae,family
Helwingiaceae,family
Phyllonomaceae,family
Stemonuraceae,family
Asterales,order
Alseuosmiaceae,family
Argophyllaceae,family
Asteraceae,family
Compositae,family
Calyceraceae,family
Campanulaceae,family
Goodeniaceae,family
Menyanthaceae,family
Pentaphragmataceae,family
Phellinaceae,family
Rousseaceae,family
Stylidiaceae,family
Escalloniales,order
Escalloniaceae,family
Bruniales,order
Bruniaceae,family
Columelliaceae,family
Paracryphiales,order
Paracryphiaceae,family
Dipsacales,order
Adoxaceae,family
Caprifoliaceae,family
Apiales,order
Apiaceae,family
Umbelliferae,family
Araliaceae,family
Griseliniaceae,family
Myodocarpaceae,family
Pennantiaceae,family
Pittosporaceae,family
Torricelliaceae,family
