id,order
1,Amborellales
2,Nymphaeales
3,Austrobaileyales
4,Canellales
5,Piperales
6,Magnoliales
7,Laurales
8,Chloranthales
9,Acorales
10,Alismatales
11,Petrosaviales
12,Dioscoreales
13,Pandanales
14,Liliales
15,Asparagales
16,Arecales
17,Commelinales
18,Zingiberales
19,Poales
20,Ceratophyllales
21,Ranunculales
22,Proteales
23,Trochodendrales
24,Buxales
25,Gunnerales
26,Dilleniales
27,Saxifragales
28,Celastrales
29,Oxalidales
30,Malpighiales
31,Vitales
32,Zygophyllales
33,Fabales
34,Rosales
35,Fagales
36,Cucurbitales
37,Geraniales
38,Myrtales
39,Crossosomatales
40,Picramniales
41,Huerteales
42,Sapindales
43,Malvales
44,Brassicales
45,Berberidopsidales
46,Santalales
47,Caryophyllales
48,Cornales
49,Ericales
50,Icacinales
51,Metteniusales
52,Garryales
53,Gentianales
54,Boraginales
55,Vahliales
56,Solanales
57,Lamiales
58,Aquifoliales
59,Asterales
60,Escalloniales
61,Bruniales
62,Paracryphiales
63,Dipsacales
64,Apiales
