plant_id,genus,species,gbif_key,synonyms,family_id
19941,Vachellia,karroo,3974754.0,Acacia karroo,193
19942,Acacia,mearnsii,2979775.0,Acacia mearnsii,193
19943,Senegalia,nigrescens,3795961.0,Acacia nigrescens,193
19944,Vachellia,nilotica,3974744.0,Acacia nilotica,193
19945,Acokanthera,oppositifolia,3619546.0,Acokanthera oppositifolia,376
19946,Agapanthus,africanus,2854740.0,Agapanthus africanus,63
19947,Albuca,fastigiata,2772375.0,Albuca fastigiata,64
19948,Alepidea,amatymbica,3633432.0,Alepidea ametymbica,439
19949,Aloe,castanea,8355770.0,Aloe castanea,65
19950,Aloe,claviflora,2777226.0,Aloe claviflora,65
19951,Aloe,ferox,2777789.0,Aloe ferox,65
19952,Aloe,marlothii,2778219.0,Aloe marlothii,65
19953,Aloe,peglerae,7920572.0,Aloe peglerae,65
19954,Annona,senegalensis,5407251.0,Annona senegalensis,15
19955,Antizoma,angustifolia,3830390.0,Antizoma angustifolia,116
19956,Apodytes,dimidiata,3597463.0,Apodytes dimidiata,373
19957,Arctotis,arctotoides,7764662.0,Arctotis arctotoides,423
19958,Artemisia,afra,8078031.0,Artemisia afra,423
19959,Aspalathus,linearis,5348220.0,Aspalathus linearis,193
19960,Athrixia,phylicoides,3087104.0,Athrixia phyllicoides,423
19961,Bolusanthus,speciosus,2952355.0,Bolusanthus speciosus,193
19962,Boophone,disticha,2854664.0,Boophane disticha,63
19963,Crossyne,flava,2853222.0,Boophane flava,63
19964,Boscia,albitrunca,5602556.0,Boscia albitrunca,275
19965,Brunsvigia,josephinae,4013911.0,Brunsvigia josephinæ,63
19966,Brunsvigia,radulosa,2853422.0,Brunsvigia radulosa,63
19967,Buddleja,saligna,3173331.0,Buddleja saligna,411
19968,Buddleja,salviifolia,4055797.0,Buddleja salviifolia,411
19969,Buxus,natalensis,3988045.0,Buxus natalensis,124
19970,Callistemon,citrinus,3173413.0,Callistemon citrinus,235
19971,Calpurnia,aurea,2956417.0,Calpurnia aurea,193
19972,Cedrelopsis,microfoliolata,3990256.0,Cedrelopsis microfoliata,257
19973,Centratherum,punctatum,3090864.0,Centratherum punctatum,423
19974,Ceratonia,siliqua,5356354.0,Ceratonia siliqua,193
19975,Cissampelos,capensis,7514615.0,Cissampelos capensis,116
19976,Coleonema,album,5594432.0,Coleonema album,257
19977,Combretum,apiculatum,3698502.0,Combretum apiculatum,231
19978,Combretum,caffrum,3699709.0,Combretum caffrum,231
19979,Crinum,bulbispermum,2853668.0,Crinum bulbispermum,63
19980,Crinum,macowanii,2853929.0,Crinum macowanii,63
19981,Crinum,moorei,4928395.0,Crinum moorei,63
19982,Crotalaria,agatiflora,2942820.0,Crotalaria agatiflora,193
19983,Crotalaria,globifera,2942923.0,Crotalaria globifera,193
19984,Croton,dichogamus,3059533.0,Croton dichogamus,166
19985,Croton,gratissimus,3058727.0,Croton gratissimus,166
19986,Croton,megalobotrys,3060022.0,Croton megalobotrys,166
19987,Croton,menyharthii,3059559.0,Croton menyharthii,166
19988,Croton,pseudopulchellus,3058146.0,Croton pseudopulchellus,166
19989,Croton,steenkampianus,3058591.0,Croton steenkampianus,166
19990,Curtisia,dentata,8057620.0,Curtisia dentata,343
19991,Cussonia,paniculata,3035211.0,Cussonia paniculata,441
19992,Cyrtanthus,elatus,5325993.0,Cyrtanthus elatus,63
19993,Cyrtanthus,falcatus,5326032.0,Cyrtanthus falcatus,63
19994,Cyrtanthus,obliquus,5326072.0,Cyrtanthus obliquus,63
19995,Datura,stramonium,2928751.0,Datura stramonium,388
19996,Dichilus,gracilis,5359923.0,Dichilus gracilis,193
19997,Dicoma,tomentosa,3103375.0,Dicoma tomentosa,423
19998,Diospyros,lycioides,4070128.0,Diospyros lycioides,354
19999,Distephanus,angulifolius,5400049.0,Distephanus angulifolius,423
20000,Dodonaea,angustifolia,5577690.0,Dodonaea angustifolia,258
20001,Drimia,altissima,8295156.0,Drimia altissima,64
20002,Drimia,delagoensis,2776829.0,Drimia delagoensis,64
20003,Fusifilum,depressum,2773832.0,Drimia depressa,64
20004,Drimia,macrocentra,2776864.0,Drimia macrocentra,64
20005,Drimia,elata,11038477.0,Drimia robusta,64
20006,Drimiopsis,burkei,2776491.0,Drimiopsis burkei,64
20007,Drimiopsis,maculata,2776471.0,Drimiopsis maculata,64
20008,Ecklonia,maxima,3196111.0,Ecklonia maxima,95
20009,Elaeodendron,croceum,3792084.0,Elaeodendron croceum,144
20010,Elephantorrhiza,elephantina,2933010.0,Elephantorrhiza elephantina,193
20011,Eleutherine,bulbosa,2749556.0,Eleutherine americana,72
20012,Dicerothamnus,rhinocerotis,3104052.0,Elytropappus rhinocerotis,423
20013,Eriocephalus,punctulatus,3130102.0,Eriocephalus punctulatus,423
20014,Eriosema,kraussianum,5349171.0,Eriosema kraussianum,193
20015,Erythrina,caffra,5349557.0,Erythrina caffra,193
20016,Erythrophleum,lasianthum,2971195.0,Erythrophleum lasianthum,193
20017,Euclea,natalensis,6056978.0,Euclea natalensis,354
20018,Eucomis,autumnalis,2775117.0,Eucomis autumnalis,64
20019,Eucomis,bicolor,2775154.0,Eucomis bicolor,64
20020,Eucomis,comosa,2775144.0,Eucomis comosa,64
20021,Eucomis,humilis,2775128.0,Eucomis humilis,64
20022,Eucomis,montana,2775143.0,Eucomis montana,64
20023,Eucomis,pallidiflora,2775155.0,Eucomis pallidiflora,64
20024,Eucomis,schijffii,2775130.0,Eucomis schiffii,64
20025,Euphorbia,bothae,3064695.0,Euphorbia bothae,166
20026,Euryops,floribundus,5394977.0,Euryops floribundus,423
20027,Ficus,glumosa,5571065.0,Ficus glumosa,202
20028,Ficus,sansibarica,7262605.0,Ficus sansibarica,202
20029,Foeniculum,vulgare,3034922.0,Foeniculum vulgare,439
20030,Aizoon,africanum,9810425.0,Galenia africana,305
20031,Ornithogalum,candicans,2772982.0,Galtonia candicans,64
20032,Garcinia,livingstonei,3189564.0,Garcinia livingstonei,160
20033,Geigeria,aspera,3119865.0,Geigeria aspera,423
20034,Gethyllis,ciliaris,2855231.0,Gethyllis ciliaris,63
20035,Greyia,flanaganii,3750353.0,Greyia flanaganii,222
20036,Gunnera,perpensa,3723634.0,Gunnera perpensa,126
20037,Halleria,lucida,5560356.0,Halleria lucida,412
20038,Harpagophytum,procumbens,3585335.0,Harpagophytum procumbens,406
20039,Helichrysum,asperum,3131766.0,Helichrysum asperum,423
20040,Helichrysum,cymosum,3131345.0,Helichrysum cymosum,423
20041,Helichrysum,kraussii,3131274.0,Helichrysum kraussii,423
20042,Helichrysum,melanacme,3131968.0,Helichrysum melanacme,423
20043,Helichrysum,niveum,7926500.0,Helichrysum niveum,423
20044,Helichrysum,splendidum,3131768.0,Helichrysum splendidum,423
20045,Helichrysum,teretifolium,3131467.0,Helichrysum teretifolium,423
20046,Helichrysum,umbraculigerum,3131861.0,Helichrysum umbraculigerum,423
20047,Hoodia,gordonii,7956185.0,Hoodia gordonii,376
20048,Hyaenanche,globosa,3075183.0,Hyaenanche globosa,182
20049,Hypoxis,colchicifolia,2853001.0,Hypoxis colchicifolia,71
20050,Irvingia,gabonensis,5380976.0,Irvingia gabonensis,171
20051,Kigelia,africana,3172561.0,Kigelia africana,391
20052,Lachenalia,punctata,2775284.0,Lachenalia rubida,64
20053,Laurus,nobilis,3034015.0,Laurus nobilis,25
20054,Lawsonia,inermis,5420912.0,Lawsonia inermis,233
20055,Ledebouria,ovatifolia,2773678.0,Ledebouria ovatifolia,64
20056,Ledebouria,socialis,2773791.0,Ledebouria socialis,64
20057,Leonotis,leonurus,2926906.0,Leonotis leonurus,396
20058,Leonotis,ocymifolia,7307634.0,Leonotis ocymifolia,396
20059,Leucosidea,sericea,3030262.0,Leucosidea sericea,204
20060,Lippia,javanica,4086664.0,Lippia javanica,415
20061,Lippia,rehmannii,4084647.0,Lippia rehmannii,415
20062,Lippia,scaberrima,4084203.0,Lippia scaberrima,415
20063,Massonia,bifolia,2770402.0,Massonia bifolia,64
20064,Massonia,pustulata,2770444.0,Massonia pustulata,64
20065,Gymnosporia,procumbens,3794114.0,Maytenus procumbens,144
20066,Melianthus,major,3845298.0,Melianthus major,226
20067,Merwilla,plumbea,2768144.0,Merwilla plumbea,64
20068,Mimusops,obtusifolia,2883807.0,Mimusops obtusifolia,364
20069,Myristica,fragrans,5406817.0,Myristica fragrans,19
20070,Myrothamnus,flabellifolius,4936263.0,Myrothamnus flabellifolia,127
20071,Myrsine,africana,7331120.0,Myrsine africana,362
20072,Nerine,filifolia,5326933.0,Nerine filifolia,63
20073,Nerine,sarniensis,5326867.0,Nerine sarniensis,63
20074,Ocimum,labiatum,3897145.0,Ocimum labiatum,396
20075,Olax,dissitiflora,3685821.0,Olax dissitiflora,296
20076,Olea,europaea,5830157.0,Olea africana,402
20077,Olea,capensis,7475694.0,Olea capensis,402
20078,Olea,europaea,5415040.0,Olea europaea,402
20079,Oncosiphon,pilulifer,10852031.0,Oncosiphon piluliferum,423
20080,Ormocarpum,trichocarpum,2954028.0,Ormocarpum trichocarpum,193
20081,Ornithogalum,saundersiae,2773403.0,Ornithogalum saundersiae,64
20082,Ornithogalum,thyrsoides,2773545.0,Ornithogalum thyrsoides,64
20083,Osyris,lanceolata,7473922.0,Osyris lanceolata,298
20084,Oxyanthus,speciosus,2901539.0,Oxyanthus speciosus,381
20085,Parinari,capensis,2985030.0,Parinari capensis,159
20086,Parinari,curatellifolia,8185443.0,Parinari curatellifolia,159
20087,Pelargonium,sidoides,3827581.0,Pelargonium sidoides,229
20088,Peltophorum,africanum,2952780.0,Peltophorum africanum,193
20089,Pentanisia,prunelloides,2898462.0,Pentanisia prunelloides,381
20090,Coleus,barbatus,8030165.0,Plectranthus barbatus,396
20091,Plectranthus,ecklonii,3904963.0,Plectranthus ecklonii,396
20092,Plectranthus,hadiensis,8338131.0,Plectranthus hadiensis,396
20093,Plectranthus,lucidus,3903566.0,Plectranthus lucidus,396
20094,Plectranthus,purpuratus,7309146.0,Plectranthus purpuratus,396
20095,Coleus,venteri,11076130.0,Plectranthus venteri,396
20096,Prunus,africana,3022853.0,Prunus africana,204
20097,Pseudoprospero,firmifolium,2774040.0,Pseudoprospero firmifolium,64
20098,Putterlickia,verrucosa,3790785.0,Putterlickia verrucosa,144
20099,Rafnia,amplexicaulis,2974555.0,Rafnia amplexicaulis,193
20100,Rauvolfia,caffra,3618324.0,Rauvolfia caffra,376
20101,Resnova,humifusa,2767731.0,Resnova humifusa,64
20102,Rhodocodon,campanulatus,10808922.0,Rhodocodon campanulatus,64
20103,Rosa,soulieana,3004885.0,Rosa soulieana,204
20104,Salvia,africana,3886290.0,Salvia africana-caerulea,396
20105,Salvia,aurea,3884533.0,Salvia africana-lutea,396
20106,Salvia,albicaulis,3886103.0,Salvia albicaulis,396
20107,Salvia,aurita,7372122.0,Salvia aurita,396
20108,Salvia,chamelaeagnea,3881832.0,Salvia chamelaeagnea,396
20109,Salvia,disermas,8179998.0,Salvia disermas,396
20110,Salvia,dolomitica,3903804.0,Salvia dolomitica,396
20111,Salvia,lanceolata,7791208.0,Salvia lanceolata,396
20112,Salvia,muirii,3895306.0,Salvia muirii,396
20113,Salvia,namaensis,3895126.0,Salvia namaensis,396
20114,Salvia,repens,7307546.0,Salvia repens,396
20115,Salvia,runcinata,3888708.0,Salvia runcinata,396
20116,Salvia,schlechteri,3888159.0,Salvia schlechteri,396
20117,Scadoxus,puniceus,2860719.0,Scadoxus puniceus,63
20118,Mesembryanthemum,tortuosum,7750120.0,Sceletium tortuosum,305
20119,Neocussonia,umbellifera,3038863.0,Schefflera umbellifera,441
20120,Schkuhria,pinnata,8346536.0,Schkuhria pinnata,423
20121,Schotia,brachypetala,2959242.0,Schotia brachypetala,193
20122,Schizocarphus,nervosus,2771381.0,Scilla nervosa,64
20123,Ledebouria,zebrina,5952279.0,Scilla zebrina,64
20124,Scutia,myrtina,8317476.0,Scutia myrtina,203
20125,Searsia,chirindensis,5544393.0,Searsia chirindensis,251
20126,Securidaca,longepedunculata,5658133.0,Securidaca longepedunculata,195
20127,Senecio,chrysocoma,3108921.0,Senecio chrysocoma,423
20128,Senecio,oxyodontus,3108873.0,Senecio oxyodontus,423
20129,Senecio,paniculatus,3108792.0,Senecio paniculatus,423
20130,Senecio,pterophorus,3107177.0,Senecio pterophorus,423
20131,Sideroxylon,inerme,2887200.0,Sideroxylon inerme,364
20132,Siphonochilus,aethiopicus,2757671.0,Siphonochilus aethiopicus,93
20133,Solanum,aculeastrum,2929801.0,Solanum aculeastrum,388
20134,Solanum,aculeatissimum,2929394.0,Solanum aculeatissimum,388
20135,Solanum,panduriforme,2931607.0,Solanum panduriforme,388
20136,Sophora,flavescens,2959073.0,Sophora flavescens,193
20137,Sphaeranthus,indicus,8302135.0,Sphaeranthus indicus,423
20138,Spilanthes,acmella,7367845.0,Spilanthes acmella,423
20139,Spirostachys,africana,5378880.0,Spirostachys africana,166
20140,Streptocarpus,dunnii,8269257.0,Streptocarpus dunnii,395
20141,Struthiola,argentea,5524321.0,Struthiola argentea,270
20142,Suregada,zanzibariensis,3054868.0,Suregada zanzibariensis,166
20143,Lessertia,frutescens,5633333.0,Sutherlandia frutescens,193
20144,Syzygium,jambos,3183534.0,Syzygium jambos,235
20145,Vepris,gerrardii,10329959.0,Teclea gerrardii,257
20146,Vepris,natalensis,3834275.0,Teclea natalensis,257
20147,Terminalia,sericea,3699769.0,Terminalia sericea,231
20148,Zanthoxylum,asiaticum,10789822.0,Toddalia asiatica,257
20149,Vepris,bremekampii,3834676.0,Toddaliopsis bremekampii,257
20150,Turraea,floribunda,3849883.0,Turraea floribunda,255
20151,Typha,capensis,5289571.0,Typha capensis,109
20152,Vepris,glomerata,7269194.0,Vepris glomerata,257
20153,Gymnanthemum,amygdalinum,3130899.0,Vernonia amygdalina,423
20154,Vernonia,colorata,5396914.0,Vernonia colorata,423
20155,Vismia,baccifera,8113584.0,Vismia baccifera,170
20156,Vitex,rehmannii,3903327.0,Vitex rehmannii,396
20157,Warburgia,salutaris,5603223.0,Warburgia salutaris,8
20158,Xysmalobium,undulatum,3571866.0,Xysmalobium undulatum,376
