genus,species,family,kingdom,usageKey,acceptedUsageKey,acceptedScientificName
Vachellia,Vachellia karroo,Fabaceae,Plantae,2979128,3974754.0,Acacia karroo
Acacia,Acacia mearnsii,Fabaceae,Plantae,2979775,,Acacia mearnsii
Senegalia,Senegalia nigrescens,Fabaceae,Plantae,2979282,3795961.0,Acacia nigrescens
Vachellia,Vachellia nilotica,Fabaceae,Plantae,2978421,3974744.0,Acacia nilotica
Acokanthera,Acokanthera oppositifolia,Apocynaceae,Plantae,3619546,,Acokanthera oppositifolia
Agapanthus,Agapanthus africanus,Amaryllidaceae,Plantae,2854740,,Agapanthus africanus
Albuca,Albuca fastigiata,Asparagaceae,Plantae,2772375,,Albuca fastigiata
Alepidea,Alepidea amatymbica,Apiaceae,Plantae,3633432,,Alepidea ametymbica
Aloe,Aloe castanea,Asphodelaceae,Plantae,8355770,,Aloe castanea
Aloe,Aloe claviflora,Asphodelaceae,Plantae,2777226,,Aloe claviflora
Aloe,Aloe ferox,Asphodelaceae,Plantae,2777789,,Aloe ferox
Aloe,Aloe marlothii,Asphodelaceae,Plantae,2778219,,Aloe marlothii
Aloe,Aloe peglerae,Asphodelaceae,Plantae,7920572,,Aloe peglerae
Annona,Annona senegalensis,Annonaceae,Plantae,5407251,,Annona senegalensis
Antizoma,Antizoma angustifolia,Menispermaceae,Plantae,3830390,,Antizoma angustifolia
Apodytes,Apodytes dimidiata,Metteniusaceae,Plantae,3597463,,Apodytes dimidiata
Arctotis,Arctotis arctotoides,Asteraceae,Plantae,7764662,,Arctotis arctotoides
Artemisia,Artemisia afra,Asteraceae,Plantae,8078031,,Artemisia afra
Aspalathus,Aspalathus linearis,Fabaceae,Plantae,5348220,,Aspalathus linearis
Athrixia,Athrixia phylicoides,Asteraceae,Plantae,3087104,,Athrixia phyllicoides
Pseudodictamnus,,Lamiaceae,Plantae,5428512,,Ballota africana
Bolusanthus,Bolusanthus speciosus,Fabaceae,Plantae,2952355,,Bolusanthus speciosus
Boophone,Boophone disticha,Amaryllidaceae,Plantae,2854664,,Boophane disticha
Crossyne,Crossyne flava,Amaryllidaceae,Plantae,4013943,2853222.0,Boophane flava
Boscia,Boscia albitrunca,Capparaceae,Plantae,5602556,,Boscia albitrunca
Brunsvigia,Brunsvigia josephinae,Amaryllidaceae,Plantae,4013911,,Brunsvigia josephinæ
Brunsvigia,Brunsvigia radulosa,Amaryllidaceae,Plantae,2853422,,Brunsvigia radulosa
Buddleja,Buddleja saligna,Scrophulariaceae,Plantae,3173331,,Buddleja saligna
Buddleja,Buddleja salviifolia,Scrophulariaceae,Plantae,4055797,,Buddleja salviifolia
Buxus,Buxus natalensis,Buxaceae,Plantae,3988045,,Buxus natalensis
Callistemon,Callistemon citrinus,Myrtaceae,Plantae,3173413,,Callistemon citrinus
Calpurnia,Calpurnia aurea,Fabaceae,Plantae,2956417,,Calpurnia aurea
Cedrelopsis,Cedrelopsis microfoliolata,Rutaceae,Plantae,3990256,,Cedrelopsis microfoliata
Centratherum,Centratherum punctatum,Asteraceae,Plantae,3090864,,Centratherum punctatum
Ceratonia,Ceratonia siliqua,Fabaceae,Plantae,5356354,,Ceratonia siliqua
Cissampelos,Cissampelos capensis,Menispermaceae,Plantae,7514615,,Cissampelos capensis
Coleonema,Coleonema album,Rutaceae,Plantae,5594432,,Coleonema album
Combretum,Combretum apiculatum,Combretaceae,Plantae,3698502,,Combretum apiculatum
Combretum,Combretum caffrum,Combretaceae,Plantae,3699709,,Combretum caffrum
Conium,,Apiaceae,Plantae,3034806,,Conium speceis
Crinum,Crinum bulbispermum,Amaryllidaceae,Plantae,2853668,,Crinum bulbispermum
Crinum,Crinum macowanii,Amaryllidaceae,Plantae,2853929,,Crinum macowanii
Crinum,Crinum moorei,Amaryllidaceae,Plantae,4928395,,Crinum moorei
Crotalaria,Crotalaria agatiflora,Fabaceae,Plantae,2942820,,Crotalaria agatiflora
Crotalaria,Crotalaria globifera,Fabaceae,Plantae,2942923,,Crotalaria globifera
Croton,Croton dichogamus,Euphorbiaceae,Plantae,3059533,,Croton dichogamus
Croton,Croton gratissimus,Euphorbiaceae,Plantae,3058727,,Croton gratissimus
Croton,Croton megalobotrys,Euphorbiaceae,Plantae,3060022,,Croton megalobotrys
Croton,Croton menyharthii,Euphorbiaceae,Plantae,3059559,,Croton menyharthii
Croton,Croton pseudopulchellus,Euphorbiaceae,Plantae,3058146,,Croton pseudopulchellus
Croton,Croton steenkampianus,Euphorbiaceae,Plantae,3058591,,Croton steenkampianus
Curtisia,Curtisia dentata,Curtisiaceae,Plantae,8057620,,Curtisia dentata
Cussonia,Cussonia paniculata,Araliaceae,Plantae,3035211,,Cussonia paniculata
Cyrtanthus,Cyrtanthus elatus,Amaryllidaceae,Plantae,5325993,,Cyrtanthus elatus
Cyrtanthus,Cyrtanthus falcatus,Amaryllidaceae,Plantae,5326032,,Cyrtanthus falcatus
Cyrtanthus,Cyrtanthus obliquus,Amaryllidaceae,Plantae,5326072,,Cyrtanthus obliquus
Datura,Datura stramonium,Solanaceae,Plantae,2928751,,Datura stramonium
Dichilus,Dichilus gracilis,Fabaceae,Plantae,5359923,,Dichilus gracilis
Dicoma,Dicoma tomentosa,Asteraceae,Plantae,3103375,,Dicoma tomentosa
Diospyros,Diospyros lycioides,Ebenaceae,Plantae,4070128,,Diospyros lycioides
Distephanus,Distephanus angulifolius,Asteraceae,Plantae,5400049,,Distephanus angulifolius
Dodonaea,Dodonaea angustifolia,Sapindaceae,Plantae,5577690,,Dodonaea angustifolia
Drimia,Drimia altissima,Asparagaceae,Plantae,8295156,,Drimia altissima
Drimia,Drimia delagoensis,Asparagaceae,Plantae,2776829,,Drimia delagoensis
Fusifilum,Fusifilum depressum,Asparagaceae,Plantae,2773833,2773832.0,Drimia depressa
Drimia,Drimia macrocentra,Asparagaceae,Plantae,2776864,,Drimia macrocentra
Drimia,Drimia elata,Asparagaceae,Plantae,2776627,11038477.0,Drimia robusta
Drimiopsis,Drimiopsis burkei,Asparagaceae,Plantae,2776491,,Drimiopsis burkei
Drimiopsis,Drimiopsis maculata,Asparagaceae,Plantae,2776471,,Drimiopsis maculata
Ecklonia,Ecklonia maxima,Cyperaceae,Plantae,3196111,,Ecklonia maxima
Elaeodendron,Elaeodendron croceum,Celastraceae,Plantae,3792084,,Elaeodendron croceum
Elephantorrhiza,Elephantorrhiza elephantina,Fabaceae,Plantae,2933010,,Elephantorrhiza elephantina
Eleutherine,Eleutherine bulbosa,Iridaceae,Plantae,2749558,2749556.0,Eleutherine americana
Dicerothamnus,Dicerothamnus rhinocerotis,Asteraceae,Plantae,3104055,3104052.0,Elytropappus rhinocerotis
Eriocephalus,Eriocephalus punctulatus,Asteraceae,Plantae,3130102,,Eriocephalus punctulatus
Eriosema,Eriosema kraussianum,Fabaceae,Plantae,5349171,,Eriosema kraussianum
Erythrina,Erythrina caffra,Fabaceae,Plantae,5349557,,Erythrina caffra
Erythrophleum,Erythrophleum lasianthum,Fabaceae,Plantae,2971195,,Erythrophleum lasianthum
Euclea,Euclea natalensis,Ebenaceae,Plantae,6056978,,Euclea natalensis
Eucomis,Eucomis autumnalis,Asparagaceae,Plantae,2775117,,Eucomis autumnalis
Eucomis,Eucomis bicolor,Asparagaceae,Plantae,2775154,,Eucomis bicolor
Eucomis,Eucomis comosa,Asparagaceae,Plantae,2775144,,Eucomis comosa
Eucomis,Eucomis humilis,Asparagaceae,Plantae,2775128,,Eucomis humilis
Eucomis,Eucomis montana,Asparagaceae,Plantae,2775143,,Eucomis montana
Eucomis,Eucomis pallidiflora,Asparagaceae,Plantae,2775155,,Eucomis pallidiflora
Eucomis,Eucomis schijffii,Asparagaceae,Plantae,2775130,,Eucomis schiffii
Euphorbia,Euphorbia bothae,Euphorbiaceae,Plantae,3064695,,Euphorbia bothae
Euryops,Euryops floribundus,Asteraceae,Plantae,5394977,,Euryops floribundus
Ficus,Ficus glumosa,Moraceae,Plantae,5571065,,Ficus glumosa
Ficus,Ficus sansibarica,Moraceae,Plantae,7262605,,Ficus sansibarica
Foeniculum,Foeniculum vulgare,Apiaceae,Plantae,3034922,,Foeniculum vulgare
Aizoon,Aizoon africanum,Aizoaceae,Plantae,5554121,9810425.0,Galenia africana
Ornithogalum,Ornithogalum candicans,Asparagaceae,Plantae,5304316,2772982.0,Galtonia candicans
Garcinia,Garcinia livingstonei,Clusiaceae,Plantae,3189564,,Garcinia livingstonei
Geigeria,Geigeria aspera,Asteraceae,Plantae,3119865,,Geigeria aspera
Gethyllis,Gethyllis ciliaris,Amaryllidaceae,Plantae,2855231,,Gethyllis ciliaris
Greyia,Greyia flanaganii,Francoaceae,Plantae,3750353,,Greyia flanaganii
Gunnera,Gunnera perpensa,Gunneraceae,Plantae,3723634,,Gunnera perpensa
Halleria,Halleria lucida,Stilbaceae,Plantae,5560356,,Halleria lucida
Harpagophytum,Harpagophytum procumbens,Pedaliaceae,Plantae,3585335,,Harpagophytum procumbens
Helichrysum,Helichrysum asperum,Asteraceae,Plantae,3131766,,Helichrysum asperum
Helichrysum,Helichrysum cymosum,Asteraceae,Plantae,3131345,,Helichrysum cymosum
Helichrysum,Helichrysum kraussii,Asteraceae,Plantae,3131274,,Helichrysum kraussii
Helichrysum,Helichrysum melanacme,Asteraceae,Plantae,3131968,,Helichrysum melanacme
Helichrysum,Helichrysum niveum,Asteraceae,Plantae,7926500,,Helichrysum niveum
Helichrysum,Helichrysum splendidum,Asteraceae,Plantae,3131768,,Helichrysum splendidum
Helichrysum,Helichrysum teretifolium,Asteraceae,Plantae,3131467,,Helichrysum teretifolium
Helichrysum,Helichrysum umbraculigerum,Asteraceae,Plantae,3131861,,Helichrysum umbraculigerum
Hoodia,Hoodia gordonii,Apocynaceae,Plantae,7956185,,Hoodia gordonii
Hyaenanche,Hyaenanche globosa,Picrodendraceae,Plantae,3075183,,Hyaenanche globosa
Hypoxis,Hypoxis colchicifolia,Hypoxidaceae,Plantae,2853001,,Hypoxis colchicifolia
Irvingia,Irvingia gabonensis,Irvingiaceae,Plantae,5380976,,Irvingia gabonensis
Kigelia,Kigelia africana,Bignoniaceae,Plantae,3172561,,Kigelia africana
Lachenalia,Lachenalia punctata,Asparagaceae,Plantae,2775392,2775284.0,Lachenalia rubida
Laurus,Laurus nobilis,Lauraceae,Plantae,3034015,,Laurus nobilis
Lawsonia,Lawsonia inermis,Lythraceae,Plantae,5420912,,Lawsonia inermis
Ledebouria,Ledebouria ovatifolia,Asparagaceae,Plantae,2773678,,Ledebouria ovatifolia
Ledebouria,Ledebouria socialis,Asparagaceae,Plantae,2773791,,Ledebouria socialis
Leonotis,Leonotis leonurus,Lamiaceae,Plantae,2926906,,Leonotis leonurus
Leonotis,Leonotis ocymifolia,Lamiaceae,Plantae,7307634,,Leonotis ocymifolia
Leucosidea,Leucosidea sericea,Rosaceae,Plantae,3030262,,Leucosidea sericea
Lippia,Lippia javanica,Verbenaceae,Plantae,4086664,,Lippia javanica
Lippia,Lippia rehmannii,Verbenaceae,Plantae,4084647,,Lippia rehmannii
Lippia,Lippia scaberrima,Verbenaceae,Plantae,4084203,,Lippia scaberrima
Massonia,Massonia bifolia,Asparagaceae,Plantae,2770402,,Massonia bifolia
Massonia,Massonia pustulata,Asparagaceae,Plantae,2770444,,Massonia pustulata
Gymnosporia,Gymnosporia procumbens,Celastraceae,Plantae,3790860,3794114.0,Maytenus procumbens
Melianthus,Melianthus major,Melianthaceae,Plantae,3845298,,Melianthus major
Merwilla,Merwilla plumbea,Asparagaceae,Plantae,2768144,,Merwilla plumbea
Mimusops,Mimusops obtusifolia,Sapotaceae,Plantae,2883807,,Mimusops obtusifolia
Myristica,Myristica fragrans,Myristicaceae,Plantae,5406817,,Myristica fragrans
Myrothamnus,Myrothamnus flabellifolius,Myrothamnaceae,Plantae,4936263,,Myrothamnus flabellifolia
Myrsine,Myrsine africana,Primulaceae,Plantae,7331120,,Myrsine africana
Nerine,Nerine filifolia,Amaryllidaceae,Plantae,5326933,,Nerine filifolia
Nerine,Nerine sarniensis,Amaryllidaceae,Plantae,5326867,,Nerine sarniensis
Ocimum,Ocimum labiatum,Lamiaceae,Plantae,3897145,,Ocimum labiatum
Olax,Olax dissitiflora,Olacaceae,Plantae,3685821,,Olax dissitiflora
Olea,Olea europaea,Oleaceae,Plantae,5549554,5830157.0,Olea africana
Olea,Olea capensis,Oleaceae,Plantae,7475694,,Olea capensis
Olea,Olea europaea,Oleaceae,Plantae,5415040,,Olea europaea
Oncosiphon,Oncosiphon pilulifer,Asteraceae,Plantae,3118650,10852031.0,Oncosiphon piluliferum
Ormocarpum,Ormocarpum trichocarpum,Fabaceae,Plantae,2954028,,Ormocarpum trichocarpum
Ornithogalum,Ornithogalum saundersiae,Asparagaceae,Plantae,2773403,,Ornithogalum saundersiae
Ornithogalum,Ornithogalum thyrsoides,Asparagaceae,Plantae,2773545,,Ornithogalum thyrsoides
Osyris,Osyris lanceolata,Santalaceae,Plantae,7473922,,Osyris lanceolata
Oxyanthus,Oxyanthus speciosus,Rubiaceae,Plantae,2901539,,Oxyanthus speciosus
Parinari,Parinari capensis,Chrysobalanaceae,Plantae,2985030,,Parinari capensis
Parinari,Parinari curatellifolia,Chrysobalanaceae,Plantae,8185443,,Parinari curatellifolia
Pelargonium,Pelargonium sidoides,Geraniaceae,Plantae,3827581,,Pelargonium sidoides
Peltophorum,Peltophorum africanum,Fabaceae,Plantae,2952780,,Peltophorum africanum
Pentanisia,Pentanisia prunelloides,Rubiaceae,Plantae,2898462,,Pentanisia prunelloides
Coleus,Coleus barbatus,Lamiaceae,Plantae,6412796,8030165.0,Plectranthus barbatus
Plectranthus,Plectranthus ecklonii,Lamiaceae,Plantae,3904963,,Plectranthus ecklonii
Plectranthus,Plectranthus hadiensis,Lamiaceae,Plantae,8338131,,Plectranthus hadiensis
Plectranthus,Plectranthus lucidus,Lamiaceae,Plantae,3903566,,Plectranthus lucidus
Plectranthus,Plectranthus purpuratus,Lamiaceae,Plantae,7309146,,Plectranthus purpuratus
Coleus,Coleus venteri,Lamiaceae,Plantae,3900996,11076130.0,Plectranthus venteri
Prunus,Prunus africana,Rosaceae,Plantae,3022853,,Prunus africana
Pseudoprospero,Pseudoprospero firmifolium,Asparagaceae,Plantae,2774040,,Pseudoprospero firmifolium
Putterlickia,Putterlickia verrucosa,Celastraceae,Plantae,3790785,,Putterlickia verrucosa
Quivisianthe,,Meliaceae,Plantae,8025262,,Quiuisianthe papinae
Rafnia,Rafnia amplexicaulis,Fabaceae,Plantae,2974555,,Rafnia amplexicaulis
Rauvolfia,Rauvolfia caffra,Apocynaceae,Plantae,3618324,,Rauvolfia caffra
Resnova,Resnova humifusa,Asparagaceae,Plantae,2767731,,Resnova humifusa
Drimia,,Asparagaceae,Plantae,9348735,2776527.0,Rhodocodon aff.
Drimia,Rhodocodon campanulatus,Asparagaceae,Plantae,10808922,,Rhodocodon campanulatus
Rosa,Rosa soulieana,Rosaceae,Plantae,3004885,,Rosa soulieana
Salvia,Salvia africana,Lamiaceae,Plantae,4931081,3886290.0,Salvia africana-caerulea
Salvia,Salvia aurea,Lamiaceae,Plantae,4931083,3884533.0,Salvia africana-lutea
Salvia,Salvia albicaulis,Lamiaceae,Plantae,3886103,,Salvia albicaulis
Salvia,Salvia aurita,Lamiaceae,Plantae,7372122,,Salvia aurita
Salvia,Salvia chamelaeagnea,Lamiaceae,Plantae,3881832,,Salvia chamelaeagnea
Salvia,Salvia disermas,Lamiaceae,Plantae,8179998,,Salvia disermas
Salvia,Salvia dolomitica,Lamiaceae,Plantae,3903804,,Salvia dolomitica
Salvia,Salvia lanceolata,Lamiaceae,Plantae,7791208,,Salvia lanceolata
Salvia,Salvia muirii,Lamiaceae,Plantae,3895306,,Salvia muirii
Salvia,Salvia namaensis,Lamiaceae,Plantae,3895126,,Salvia namaensis
Salvia,Salvia repens,Lamiaceae,Plantae,7307546,,Salvia repens
Salvia,Salvia runcinata,Lamiaceae,Plantae,3888708,,Salvia runcinata
Salvia,Salvia schlechteri,Lamiaceae,Plantae,3888159,,Salvia schlechteri
Scadoxus,Scadoxus puniceus,Amaryllidaceae,Plantae,2860719,,Scadoxus puniceus
Mesembryanthemum,Mesembryanthemum tortuosum,Aizoaceae,Plantae,3707372,7750120.0,Sceletium tortuosum
Neocussonia,Neocussonia umbellifera,Araliaceae,Plantae,3038860,3038863.0,Schefflera umbellifera
Schkuhria,Schkuhria pinnata,Asteraceae,Plantae,8346536,,Schkuhria pinnata
Schotia,Schotia brachypetala,Fabaceae,Plantae,2959242,,Schotia brachypetala
Schizocarphus,Schizocarphus nervosus,Asparagaceae,Plantae,2771386,2771381.0,Scilla nervosa
Ledebouria,Ledebouria zebrina,Asparagaceae,Plantae,3647483,5952279.0,Scilla zebrina
Scutia,Scutia myrtina,Rhamnaceae,Plantae,8317476,,Scutia myrtina
Searsia,Searsia chirindensis,Anacardiaceae,Plantae,5544393,,Searsia chirindensis
Securidaca,Securidaca longepedunculata,Polygalaceae,Plantae,5658133,,Securidaca longepedunculata
Senecio,Senecio chrysocoma,Asteraceae,Plantae,3108921,,Senecio chrysocoma
Senecio,,Asteraceae,Plantae,3106738,,Senecio orthonnoflorus
Senecio,Senecio oxyodontus,Asteraceae,Plantae,3108873,,Senecio oxyodontus
Senecio,Senecio paniculatus,Asteraceae,Plantae,3108792,,Senecio paniculatus
Senecio,Senecio pterophorus,Asteraceae,Plantae,3107177,,Senecio pterophorus
Sideroxylon,Sideroxylon inerme,Sapotaceae,Plantae,2887200,,Sideroxylon inerme
Siphonochilus,Siphonochilus aethiopicus,Zingiberaceae,Plantae,2757671,,Siphonochilus aethiopicus
Solanum,Solanum aculeastrum,Solanaceae,Plantae,2929801,,Solanum aculeastrum
Solanum,Solanum aculeatissimum,Solanaceae,Plantae,2929394,,Solanum aculeatissimum
Solanum,Solanum panduriforme,Solanaceae,Plantae,2931607,,Solanum panduriforme
Sophora,Sophora flavescens,Fabaceae,Plantae,2959073,,Sophora flavescens
Sphaeranthus,Sphaeranthus indicus,Asteraceae,Plantae,8302135,,Sphaeranthus indicus
Spilanthes,Spilanthes acmella,Asteraceae,Plantae,7367845,,Spilanthes acmella
Spirostachys,Spirostachys africana,Euphorbiaceae,Plantae,5378880,,Spirostachys africana
Streptocarpus,Streptocarpus dunnii,Gesneriaceae,Plantae,8269257,,Streptocarpus dunnii
Struthiola,Struthiola argentea,Thymelaeaceae,Plantae,5524321,,Struthiola argentea
Suregada,Suregada zanzibariensis,Euphorbiaceae,Plantae,3054868,,Suregada zanzibariensis
Lessertia,Lessertia frutescens,Fabaceae,Plantae,5358193,5633333.0,Sutherlandia frutescens
Syzygium,Syzygium jambos,Myrtaceae,Plantae,3183534,,Syzygium jambos
Vepris,Vepris gerrardii,Rutaceae,Plantae,3836832,10329959.0,Teclea gerrardii
Vepris,Vepris natalensis,Rutaceae,Plantae,3836733,3834275.0,Teclea natalensis
Terminalia,Terminalia sericea,Combretaceae,Plantae,3699769,,Terminalia sericea
Zanthoxylum,Zanthoxylum asiaticum,Rutaceae,Plantae,7896627,10789822.0,Toddalia asiatica
Vepris,Vepris bremekampii,Rutaceae,Plantae,3835148,3834676.0,Toddaliopsis bremekampii
Turraea,Turraea floribunda,Meliaceae,Plantae,3849883,,Turraea floribunda
Typha,Typha capensis,Typhaceae,Plantae,5289571,,Typha capensis
Vepris,Vepris glomerata,Rutaceae,Plantae,7269194,,Vepris glomerata
Gymnanthemum,Gymnanthemum amygdalinum,Asteraceae,Plantae,5397785,3130899.0,Vernonia amygdalina
Vernonia,Vernonia colorata,Asteraceae,Plantae,5396914,,Vernonia colorata
Vismia,Vismia baccifera,Hypericaceae,Plantae,8113584,,Vismia baccifera
Vitex,Vitex rehmannii,Lamiaceae,Plantae,3903327,,Vitex rehmannii
Warburgia,Warburgia salutaris,Canellaceae,Plantae,5603223,,Warburgia salutaris
Xysmalobium,Xysmalobium undulatum,Apocynaceae,Plantae,3571866,,Xysmalobium undulatum
