genus,species
Acacia,karroo
Acacia,mearnsii
Acacia,nigrescens
Acacia,nilotica
Acokanthera,oppositifolia
Agapanthus,africanus
Albuca,fastigiata
Alcyonium,fauri
Alcyonium,species A (unspecified)
Alcyonium,species B (unspecified)
Alcyonium,valdivae
Alepidea,ametymbica
Aloe,castanea
Aloe,claviflora
Aloe,ferox
Aloe,marlothii
Aloe,peglerae
Annona,senegalensis
Antizoma,angustifolia
Aplysia,dactylomela
Aplysia,parvula
Aplysilla,sulphurea
Apodytes,dimidiata
Arctotis,arctotoides
Artemisia,afra
Aspalathus,linearis
Athrixia,phyllicoides
Axinella,sp. (unspecified)
Axinella,weltneri
Ballota,africana
Bolusanthus,speciosus
Boophane,disticha
Boophane,flava
Boophone,disticha
Boscia,albitrunca
Brunsvigia,josephinæ
Brunsvigia,radulosa
Buddleja,saligna
Buddleja,salviifolia
Buxus,natalensis
Callistemon,citrinus
Calpurnia,aurea
Capnella,thyrsoidea
Cedrelopsis,microfoliata
Centratherum,punctatum
Cephalodiscus,gilchristi
Ceratonia,siliqua
Chromodoris,hamiltoni
Cissampelos,capensis
Cladiella,kashmani
Clathrina,aff. reticulum
Cliona,celata
Coleonema,album
Combretum,apiculatum
Combretum,caffrum
Conium,speceis
Crinum,bulbispermum
Crinum,macowanii
Crinum,moorei
Crotalaria,agatiflora
Crotalaria,globifera
Croton,dichogamus pax
Croton,gratissimus
Croton,megalobotrys
Croton,menyharthii
Croton,pseudopulchellus
Croton,steenkampianus
Curtisia,dentata (cornaceae)
Cussonia,paniculata
Cyclacanthia,bellae
Cyclacanthia,cloverlyae
Cyclacanthia,mzimayensis
Cyrtanthus,elatus
Cyrtanthus,falcatus
Cyrtanthus,obliquus
Datura,stramonium
Dichilus,gracilis
Dicoma,tomentosa
Diospyros,lycioides
Distaplia,skoogi
Distephanus,angulifolius
Dodonaea,angustifolia
Drimia,altissima
Drimia,delagoensis
Drimia,depressa
Drimia,macrocentra
Drimia,robusta
Drimiopsis,burkei
Drimiopsis,maculata
Dumortiera,hirsuta
Dysidea,species (unspecified)
Ecklonia,maxima
Elaeodendron,croceum
Elephantorrhiza,elephantina
Eleutherine,americana
Eleutherobia,aurea
Elytropappus,rhinocerotis
Eriocephalus,punctulatus
Eriosema,kraussianum
Erythrina,caffra
Erythrophleum,lasianthum
Euclea,natalensis
Eucomis,autumnalis
Eucomis,autumnalis
Eucomis,bicolor
Eucomis,comosa
Eucomis,humilis
Eucomis,montana
Eucomis,pallidiflora
Eucomis,punctata
Eucomis,schiffii
Euphorbia,bothae
Eurotium,rubrum
Euryops,floribundus
Ficus,glumosa
Ficus,sansibarica
Foeniculum,vulgare
Fusarium,proliferatum
Galenia,africana
Galtonia,candicans
Garcinia,livingstonei
Geigeria,aspera
Gethyllis,ciliaris
Greyia,flanaganii
Gunnera,perpensa
Gyrophyllum,sibogae
Haliclona,tulearensis
Halleria,lucida
Harpagophytum,procumbens
Helichrysum,asperum
Helichrysum,cymosum
Helichrysum,kraussii
Helichrysum,melanacme
Helichrysum,niveum
Helichrysum,splendidum
Helichrysum,teretifolium
Helichrysum,umbraculigerum
Hemiasterella,minor
Hoodia,gordonii
Hyaenanche,globosa
Hypoxis,colchicifolia
Hypselodoris,capensis
Irvingia,gabonensis
Jaspis,digonoxea
Kigelia,africana
Lachenalia,rubida
Latrunculia, kerwathi
Latrunculia, lunaviridis
Latrunculia,algoaensis
Latrunculia,bellae
Latrunculia,biformis
Latrunculia,gotzi
Latrunculia,lorii
Latrunculia,microacanthoxea
Laurus,nobilis
Lawsonia,inermis
Ledebouria,ovatifolia
Ledebouria,socialis
Leminda,millecra
Leminda,millecra griffiths
Leonotis,leonurus
Leonotis,ocymifolia
Leptogorgia,palma
Leucosidea,sericea
Leucosidea,sericea (rosaceae)
Lippia,javanica
Lippia,rehmannii
Lippia,scaberrima
Lissoclinum,species
Macrocystis,angustifolia
Macrotermes,natalensis
Marchantia,polymorpha
Massonia,bifolia
Massonia,pustulata
Maytenus,procumbens
Melianthus,major
Merwilla,plumbea
Mimusops,obtusifolia
Murraya,exotica
Myristica,fragrans
Myrothamnus,flabellifolia
Myrsine,africana
Nephthea,sp
Nerine,filifolia
Nerine,sarniensis
Ocimum,labiatum
Olax,dissitiflora
Olea,africana
Olea,capensis
Olea,europaea
Olea,europaea subs africana
Oncosiphon,piluliferum
Ormocarpum,trichocarpum
Ornithogalum,saundersiae
Ornithogalum,thyrsoides
Orthosiphon,labiatus
Osmundaria,serrata
Osyris,lanceolata
Oxyanthus,speciosus
Pachastrella,sp.
Parinari,capensis
Parinari,curatellifolia
Pelargonium,sidoides
Peltophorum,africanum
Pentanisia,prunelloides
Pieterfaurea,unilobata
Plakortis,aff.simplex
Plectranthus,barbatus
Plectranthus,ecklonii
Plectranthus,hadiensis
Plectranthus,lucidus
Plectranthus,purpuratus
Plectranthus,purpuratus
Plectranthus,venteri
Plocamium,corallorhiza
Plocamium,cornutum
Plocamium,maxillosum
Plocamium,suhrii kützing
Polysiphonia,virgata
Procyanidin,B1
Prunus,africana
Pseudodistoma,species (unspecified)
Pseudoprospero,firmifolium
Putterlickia,verrucosa
Quiuisianthe,papinae
Rafnia,amplexicaulis
Rauvolfia,caffra
Resnova,humifusa
Rhodocodon,aff. intermedius
Rhodocodon,campanulatus
Riccia,albolimbata
Rosa,soulieana
Rotalaria,agatiflora
Salvia,africana-caerulea
Salvia,africana-lutea
Salvia,albicaulis
Salvia,aurita
Salvia,chamelaeagnea
Salvia,disermas
Salvia,dolomitica
Salvia,lanceolata
Salvia,muirii
Salvia,namaensis
Salvia,repens
Salvia,runcinata
Salvia,schlechteri
Sargassum,heterophyllum
Scadoxus,puniceus
Sceletium,tortuosum
Schefflera,umbellifera
Schkuhria,pinnata
Schotia,brachypetala
Scilla,nervosa
Scilla,zebrina
Scutia,myrtina
Searsia,chirindensis
Securidaca,longepedunculata
Securidaca,longependunculata
Senecio,chrysocoma
Senecio,orthonnoflorus
Senecio,oxyodontus
Senecio,paniculatus
Senecio,pterophorus
Sideroxylon,inerme
Sinularia,dura
Siphonaria,capensis
Siphonaria,oculus
Siphonaria,serrata
Siphonochilus,aethiopicus
Solanum,aculeastrum
Solanum,aculeatissimum
Solanum,panduriforme
Sophora,flavescens
Sphaeranthus,indicus
Spilanthes,acmella
Spirastrella,spinispirulifera (porifera)
Spirostachys,africana
Streptocarpus,dunnii
Streptomyces,sp.
Streptomyces,sp. RB1
Strongylodesma,algoaensis
Strongylodesma,aliwaliensis
Strongylodesma,species (unspecified)
Strongylodesma,tsitsikammaensis
Struthiola,argentea
Suregada,zanzibariensis baill
Sutherlandia,frutescens
Synoicum,globosum
Syzygium,jambos
Teclea,gerrardii
Teclea,natalensis
Terminalia,sericea
Termitomyces,microcarpus
Toddalia,asiatica
Toddaliopsis,bremekampii
Topsentia,pachastrelloides
Trimusculus,costatus
Tsitsikamma,favus
Tsitsikamma,pedunculata
Tsitsikamma,scurra
Turraea,floribunda
Typha,capensis
Urginea,epigea
Vepris,glomerata
Vernonia,amygdalina
Vernonia,colorata
Vismia,baccifera
Vitex,rehmannii
Warburgia,salutaris
Warburgia,salutaris (canellaceae)
Ximenia,caffra
Xysmalobium,undulatum
