Foundation URI,Linearization URI,Code,BlockId,Title,ClassKind,DepthInKind,IsResidual,ChapterNo,BrowserLink,isLeaf,Primary tabulation,Grouping1,Grouping2,Grouping3,Grouping4,Grouping5,CodingNote,Parent,Version:2026 Jan 17 - 05:30 UTC
http://id.who.int/icd/entity/1516623224,http://id.who.int/icd/release/11/mms/1516623224,,BlockL1-6A0,- Neurodevelopmental disorders,block,1.0,False,6.0,,False,,,,,,,,http://id.who.int/icd/entity/334423054,
http://id.who.int/icd/entity/821852937,http://id.who.int/icd/release/11/mms/821852937,6A05,,- - Attention deficit hyperactivity disorder,category,1.0,False,6.0,,False,True,BlockL1-6A0,,,,,,http://id.who.int/icd/entity/1516623224,
http://id.who.int/icd/entity/1111628448,http://id.who.int/icd/release/11/mms/1111628448,6A06,,- - Stereotyped movement disorder,category,1.0,False,6.0,,False,True,BlockL1-6A0,,,,,,http://id.who.int/icd/entity/1516623224,
,http://id.who.int/icd/release/11/mms/1516623224/other,6A0Y,,- - Other specified neurodevelopmental disorders,category,1.0,True,6.0,,True,True,BlockL1-6A0,,,,,,http://id.who.int/icd/entity/1516623224,
,http://id.who.int/icd/release/11/mms/1516623224/unspecified,6A0Z,,"- - Neurodevelopmental disorders, unspecified",category,1.0,True,6.0,,True,True,BlockL1-6A0,,,,,,http://id.who.int/icd/entity/1516623224,
http://id.who.int/icd/entity/405565289,http://id.who.int/icd/release/11/mms/405565289,,BlockL1-6A2,- Schizophrenia or other primary psychotic disorders,block,1.0,False,6.0,,False,,,,,,,,http://id.who.int/icd/entity/334423054,
,http://id.who.int/icd/release/11/mms/405565289/unspecified,6A2Z,,"- - Schizophrenia or other primary psychotic disorders, unspecified",category,1.0,True,6.0,,True,True,BlockL1-6A2,,,,,,http://id.who.int/icd/entity/405565289,
http://id.who.int/icd/entity/486722075,http://id.who.int/icd/release/11/mms/486722075,,BlockL1-6A4,- Catatonia,block,1.0,False,6.0,,False,,,,,,,,http://id.who.int/icd/entity/334423054,
http://id.who.int/icd/entity/556568822,http://id.who.int/icd/release/11/mms/556568822,6A40,,- - Catatonia associated with another mental disorder,category,1.0,False,6.0,,True,True,BlockL1-6A4,,,,,,http://id.who.int/icd/entity/486722075,
http://id.who.int/icd/entity/289492002,http://id.who.int/icd/release/11/mms/289492002,6A41,,- - Catatonia induced by substances or medications,category,1.0,False,6.0,,True,True,BlockL1-6A4,,,,,,http://id.who.int/icd/entity/486722075,
,http://id.who.int/icd/release/11/mms/486722075/unspecified,6A4Z,,"- - Catatonia, unspecified",category,1.0,True,6.0,,True,True,BlockL1-6A4,,,,,,http://id.who.int/icd/entity/486722075,
http://id.who.int/icd/entity/1563440232,http://id.who.int/icd/release/11/mms/1563440232,,BlockL2-6A7,- - Depressive disorders,block,2.0,False,6.0,,False,,BlockL1-6A6,,,,,,http://id.who.int/icd/entity/76398729,
http://id.who.int/icd/entity/578635574,http://id.who.int/icd/release/11/mms/578635574,6A70,,- - - Single episode depressive disorder,category,1.0,False,6.0,,False,True,BlockL1-6A6,BlockL2-6A7,,,,,http://id.who.int/icd/entity/1563440232,
http://id.who.int/icd/entity/1194756772,http://id.who.int/icd/release/11/mms/1194756772,6A71,,- - - Recurrent depressive disorder,category,1.0,False,6.0,,False,True,BlockL1-6A6,BlockL2-6A7,,,,,http://id.who.int/icd/entity/1563440232,
,http://id.who.int/icd/release/11/mms/1563440232/other,6A7Y,,- - - Other specified depressive disorders,category,1.0,True,6.0,,True,True,BlockL1-6A6,BlockL2-6A7,,,,,http://id.who.int/icd/entity/1563440232,
,http://id.who.int/icd/release/11/mms/1563440232/unspecified,6A7Z,,"- - - Depressive disorders, unspecified",category,1.0,True,6.0,,True,True,BlockL1-6A6,BlockL2-6A7,,,,,http://id.who.int/icd/entity/1563440232,
http://id.who.int/icd/entity/1336943699,http://id.who.int/icd/release/11/mms/1336943699,,BlockL1-6B0,- Anxiety or fear-related disorders,block,1.0,False,6.0,,False,,,,,,,,http://id.who.int/icd/entity/334423054,
,http://id.who.int/icd/release/11/mms/1336943699/other,6B0Y,,- - Other specified anxiety or fear-related disorders,category,1.0,True,6.0,,True,True,BlockL1-6B0,,,,,,http://id.who.int/icd/entity/1336943699,
,http://id.who.int/icd/release/11/mms/1336943699/unspecified,6B0Z,,"- - Anxiety or fear-related disorders, unspecified",category,1.0,True,6.0,,True,True,BlockL1-6B0,,,,,,http://id.who.int/icd/entity/1336943699,
http://id.who.int/icd/entity/1321276661,http://id.who.int/icd/release/11/mms/1321276661,,BlockL1-6B2,- Obsessive-compulsive or related disorders,block,1.0,False,6.0,,False,,,,,,,,http://id.who.int/icd/entity/334423054,
,http://id.who.int/icd/release/11/mms/1321276661/other,6B2Y,,- - Other specified obsessive-compulsive or related disorders,category,1.0,True,6.0,,True,True,BlockL1-6B2,,,,,,http://id.who.int/icd/entity/1321276661,
,http://id.who.int/icd/release/11/mms/1321276661/unspecified,6B2Z,,"- - Obsessive-compulsive or related disorders, unspecified",category,1.0,True,6.0,,True,True,BlockL1-6B2,,,,,,http://id.who.int/icd/entity/1321276661,
http://id.who.int/icd/entity/991786158,http://id.who.int/icd/release/11/mms/991786158,,BlockL1-6B4,- Disorders specifically associated with stress,block,1.0,False,6.0,,False,,,,,,,,http://id.who.int/icd/entity/334423054,
,http://id.who.int/icd/release/11/mms/991786158/other,6B4Y,,- - Other specified disorders specifically associated with stress,category,1.0,True,6.0,,True,True,BlockL1-6B4,,,,,,http://id.who.int/icd/entity/991786158,
,http://id.who.int/icd/release/11/mms/991786158/unspecified,6B4Z,,"- - Disorders specifically associated with stress, unspecified",category,1.0,True,6.0,,True,True,BlockL1-6B4,,,,,,http://id.who.int/icd/entity/991786158,
http://id.who.int/icd/entity/1412387537,http://id.who.int/icd/release/11/mms/1412387537,,BlockL1-6B8,- Feeding or eating disorders,block,1.0,False,6.0,,False,,,,,,,,http://id.who.int/icd/entity/334423054,
,http://id.who.int/icd/release/11/mms/1412387537/other,6B8Y,,- - Other specified feeding or eating disorders,category,1.0,True,6.0,,True,True,BlockL1-6B8,,,,,,http://id.who.int/icd/entity/1412387537,
,http://id.who.int/icd/release/11/mms/1412387537/unspecified,6B8Z,,"- - Feeding or eating disorders, unspecified",category,1.0,True,6.0,,True,True,BlockL1-6B8,,,,,,http://id.who.int/icd/entity/1412387537,
http://id.who.int/icd/entity/1884115764,http://id.who.int/icd/release/11/mms/1884115764,,BlockL1-6C0,- Elimination disorders,block,1.0,False,6.0,,False,,,,,,,,http://id.who.int/icd/entity/334423054,
,http://id.who.int/icd/release/11/mms/1884115764/unspecified,6C0Z,,"- - Elimination disorders, unspecified",category,1.0,True,6.0,,True,True,BlockL1-6C0,,,,,,http://id.who.int/icd/entity/1884115764,
http://id.who.int/icd/entity/1602669465,http://id.who.int/icd/release/11/mms/1602669465,,BlockL1-6C4,- Disorders due to substance use or addictive behaviours,block,1.0,False,6.0,,False,,,,,,,,http://id.who.int/icd/entity/334423054,
http://id.who.int/icd/entity/590211325,http://id.who.int/icd/release/11/mms/590211325,,BlockL2-6C4,- - Disorders due to substance use,block,2.0,False,6.0,,False,,BlockL1-6C4,,,,,,http://id.who.int/icd/entity/1602669465,
http://id.who.int/icd/entity/826065555,http://id.who.int/icd/release/11/mms/826065555,,BlockL1-6C7,- Impulse control disorders,block,1.0,False,6.0,,False,,,,,,,,http://id.who.int/icd/entity/334423054,
,http://id.who.int/icd/release/11/mms/826065555/other,6C7Y,,- - Other specified impulse control disorders,category,1.0,True,6.0,,True,True,BlockL1-6C7,,,,,,http://id.who.int/icd/entity/826065555,
,http://id.who.int/icd/release/11/mms/826065555/unspecified,6C7Z,,"- - Impulse control disorders, unspecified",category,1.0,True,6.0,,True,True,BlockL1-6C7,,,,,,http://id.who.int/icd/entity/826065555,
http://id.who.int/icd/entity/37291724,http://id.who.int/icd/release/11/mms/37291724,,BlockL1-6D1,- Personality disorders and related traits,block,1.0,False,6.0,,False,,,,,,,,http://id.who.int/icd/entity/334423054,
http://id.who.int/icd/entity/941859884,http://id.who.int/icd/release/11/mms/941859884,6D10,,- - Personality disorder,category,1.0,False,6.0,,False,True,BlockL1-6D1,,,,,,http://id.who.int/icd/entity/37291724,
http://id.who.int/icd/entity/795022044,http://id.who.int/icd/release/11/mms/795022044,6D80,,- - - Dementia due to Alzheimer disease,category,1.0,False,6.0,,False,False,BlockL1-6D7,BlockL2-6D8,,,,This category should never be used in primary tabulation. The codes are provided for use as supplementary or additional codes when it is desired to identify the presence of dementia in diseases classified elsewhere.,http://id.who.int/icd/entity/546689346,
http://id.who.int/icd/entity/1126473669,http://id.who.int/icd/release/11/mms/1126473669,6E64,,- - Secondary obsessive-compulsive or related syndrome,category,1.0,False,6.0,,True,False,BlockL1-6E6,,,,,,http://id.who.int/icd/entity/302122526,
http://id.who.int/icd/entity/518306574,http://id.who.int/icd/release/11/mms/518306574,6E69,,- - Secondary catatonia syndrome,category,1.0,False,6.0,,True,False,BlockL1-6E6,,,,,"Use additional code, if desired, for any underlying disorder if known.",http://id.who.int/icd/entity/302122526,
,http://id.who.int/icd/release/11/mms/334423054/other,6E8Y,,"- Other specified mental, behavioural or neurodevelopmental disorders",category,1.0,True,6.0,,True,True,,,,,,,http://id.who.int/icd/entity/334423054,
,http://id.who.int/icd/release/11/mms/334423054/unspecified,6E8Z,,"- Mental, behavioural or neurodevelopmental disorders, unspecified",category,1.0,True,6.0,,True,True,,,,,,,http://id.who.int/icd/entity/334423054,
http://id.who.int/icd/entity/1296093776,http://id.who.int/icd/release/11/mms/1296093776,,,Diseases of the nervous system,chapter,1.0,False,8.0,,False,,,,,,,,,
http://id.who.int/icd/entity/384289569,http://id.who.int/icd/release/11/mms/384289569,,BlockL1-8A0,- Movement disorders,block,1.0,False,8.0,,False,,,,,,,,http://id.who.int/icd/entity/1296093776,
http://id.who.int/icd/entity/460883639,http://id.who.int/icd/release/11/mms/460883639,8A07,,- - Certain specified movement disorder,category,1.0,False,8.0,,False,True,BlockL1-8A0,,,,,,http://id.who.int/icd/entity/384289569,
,http://id.who.int/icd/release/11/mms/384289569/other,8A0Y,,- - Other specified movement disorders,category,1.0,True,8.0,,True,True,BlockL1-8A0,,,,,,http://id.who.int/icd/entity/384289569,
,http://id.who.int/icd/release/11/mms/384289569/unspecified,8A0Z,,"- - Movement disorders, unspecified",category,1.0,True,8.0,,True,True,BlockL1-8A0,,,,,,http://id.who.int/icd/entity/384289569,
http://id.who.int/icd/entity/1719545571,http://id.who.int/icd/release/11/mms/1719545571,,BlockL1-8A2,- Disorders with neurocognitive impairment as a major feature,block,1.0,False,8.0,,False,,,,,,,,http://id.who.int/icd/entity/1296093776,
http://id.who.int/icd/entity/1611724421,http://id.who.int/icd/release/11/mms/1611724421,8A20,,- - Alzheimer disease,category,1.0,False,8.0,,True,True,BlockL1-8A2,,,,,,http://id.who.int/icd/entity/1719545571,
,http://id.who.int/icd/release/11/mms/1719545571/other,8A2Y,,- - Other specified disorders with neurocognitive impairment as a major feature,category,1.0,True,8.0,,True,True,BlockL1-8A2,,,,,,http://id.who.int/icd/entity/1719545571,
,http://id.who.int/icd/release/11/mms/1719545571/unspecified,8A2Z,,"- - Disorders with neurocognitive impairment as a major feature, unspecified",category,1.0,True,8.0,,True,True,BlockL1-8A2,,,,,,http://id.who.int/icd/entity/1719545571,
http://id.who.int/icd/entity/724748131,http://id.who.int/icd/release/11/mms/724748131,,BlockL1-8A4,- Multiple sclerosis or other white matter disorders,block,1.0,False,8.0,,False,,,,,,,,http://id.who.int/icd/entity/1296093776,
http://id.who.int/icd/entity/1298865187,http://id.who.int/icd/release/11/mms/1298865187,8A40,,- - Multiple sclerosis,category,1.0,False,8.0,,False,True,BlockL1-8A4,,,,,,http://id.who.int/icd/entity/724748131,
,http://id.who.int/icd/release/11/mms/724748131/other,8A4Y,,- - Other specified multiple sclerosis or other white matter disorders,category,1.0,True,8.0,,True,True,BlockL1-8A4,,,,,,http://id.who.int/icd/entity/724748131,
,http://id.who.int/icd/release/11/mms/724748131/unspecified,8A4Z,,"- - Multiple sclerosis or other white matter disorders, unspecified",category,1.0,True,8.0,,True,True,BlockL1-8A4,,,,,,http://id.who.int/icd/entity/724748131,
http://id.who.int/icd/entity/1397288146,http://id.who.int/icd/release/11/mms/1397288146,,BlockL1-8A6,- Epilepsy or seizures,block,1.0,False,8.0,,False,,,,,,,"Use additional code, if desired, to identify the type of seizure.",http://id.who.int/icd/entity/1296093776,
,http://id.who.int/icd/release/11/mms/1397288146/other,8A6Y,,- - Other specified epilepsy or seizures,category,1.0,True,8.0,,True,True,BlockL1-8A6,,,,,,http://id.who.int/icd/entity/1397288146,
,http://id.who.int/icd/release/11/mms/1397288146/unspecified,8A6Z,,"- - Epilepsy or seizures, unspecified",category,1.0,True,8.0,,True,True,BlockL1-8A6,,,,,,http://id.who.int/icd/entity/1397288146,
http://id.who.int/icd/entity/28995849,http://id.who.int/icd/release/11/mms/28995849,,BlockL1-8A8,- Headache disorders,block,1.0,False,8.0,,False,,,,,,,,http://id.who.int/icd/entity/1296093776,
http://id.who.int/icd/entity/1350703173,http://id.who.int/icd/release/11/mms/1350703173,8A83,,- - Other primary headache disorder,category,1.0,False,8.0,,True,True,BlockL1-8A8,,,,,,http://id.who.int/icd/entity/28995849,
http://id.who.int/icd/entity/1099694795,http://id.who.int/icd/release/11/mms/1099694795,8A85,,- - Painful cranial neuropathies or other facial pains,category,1.0,False,8.0,,True,True,BlockL1-8A8,,,,,,http://id.who.int/icd/entity/28995849,
,http://id.who.int/icd/release/11/mms/28995849/other,8A8Y,,- - Other specified headache disorders,category,1.0,True,8.0,,True,True,BlockL1-8A8,,,,,,http://id.who.int/icd/entity/28995849,
,http://id.who.int/icd/release/11/mms/28995849/unspecified,8A8Z,,"- - Headache disorders, unspecified",category,1.0,True,8.0,,True,True,BlockL1-8A8,,,,,,http://id.who.int/icd/entity/28995849,
http://id.who.int/icd/entity/636274910,http://id.who.int/icd/release/11/mms/636274910,8B11,,- - - Cerebral ischaemic stroke,category,1.0,False,8.0,,False,True,BlockL1-8B0,BlockL2-8B1,,,,"When the cause of ischaemic stroke is known, code to the cause. When the cause of ischaemic stroke is not known, code to 8B11.5-. When the cause of stroke is not known, code to 8B20 Stroke not known if ischaemic or haemorrhagic.",http://id.who.int/icd/entity/1427441570,
http://id.who.int/icd/entity/1442995018,http://id.who.int/icd/release/11/mms/1442995018,8B20,,- - Stroke not known if ischaemic or haemorrhagic,category,1.0,False,8.0,,True,True,BlockL1-8B0,,,,,,http://id.who.int/icd/entity/843843448,
http://id.who.int/icd/entity/1861279867,http://id.who.int/icd/release/11/mms/1861279867,,BlockL1-8B6,- Motor neuron diseases or related disorders,block,1.0,False,8.0,,False,,,,,,,,http://id.who.int/icd/entity/1296093776,
http://id.who.int/icd/entity/661720689,http://id.who.int/icd/release/11/mms/661720689,8B60,,- - Motor neuron disease,category,1.0,False,8.0,,False,True,BlockL1-8B6,,,,,,http://id.who.int/icd/entity/1861279867,
,http://id.who.int/icd/release/11/mms/1861279867/other,8B6Y,,- - Other specified motor neuron diseases or related disorders,category,1.0,True,8.0,,True,True,BlockL1-8B6,,,,,,http://id.who.int/icd/entity/1861279867,
,http://id.who.int/icd/release/11/mms/1861279867/unspecified,8B6Z,,"- - Motor neuron diseases or related disorders, unspecified",category,1.0,True,8.0,,True,True,BlockL1-8B6,,,,,,http://id.who.int/icd/entity/1861279867,
http://id.who.int/icd/entity/1730644960,http://id.who.int/icd/release/11/mms/1730644960,,BlockL1-8B8,"- Disorders of nerve root, plexus or peripheral nerves",block,1.0,False,8.0,,False,,,,,,,,http://id.who.int/icd/entity/1296093776,
,http://id.who.int/icd/release/11/mms/1730644960/other,8C4Y,,"- - Other specified disorders of nerve root, plexus or peripheral nerves",category,1.0,True,8.0,,True,True,BlockL1-8B8,,,,,,http://id.who.int/icd/entity/1730644960,
,http://id.who.int/icd/release/11/mms/1730644960/unspecified,8C4Z,,"- - Disorders of nerve root, plexus or peripheral nerves, unspecified",category,1.0,True,8.0,,True,True,BlockL1-8B8,,,,,,http://id.who.int/icd/entity/1730644960,
http://id.who.int/icd/entity/1297080916,http://id.who.int/icd/release/11/mms/1297080916,,BlockL1-8C6,- Diseases of neuromuscular junction or muscle,block,1.0,False,8.0,,False,,,,,,,,http://id.who.int/icd/entity/1296093776,
http://id.who.int/icd/entity/76906748,http://id.who.int/icd/release/11/mms/76906748,,BlockL1-8D2,- Cerebral palsy,block,1.0,False,8.0,,False,,,,,,,,http://id.who.int/icd/entity/1296093776,
http://id.who.int/icd/entity/1426032265,http://id.who.int/icd/release/11/mms/1426032265,8D20,,- - Spastic cerebral palsy,category,1.0,False,8.0,,False,True,BlockL1-8D2,,,,,,http://id.who.int/icd/entity/76906748,
http://id.who.int/icd/entity/812740125,http://id.who.int/icd/release/11/mms/812740125,8D21,,- - Dyskinetic cerebral palsy,category,1.0,False,8.0,,True,True,BlockL1-8D2,,,,,,http://id.who.int/icd/entity/76906748,
http://id.who.int/icd/entity/1134558601,http://id.who.int/icd/release/11/mms/1134558601,8D22,,- - Ataxic cerebral palsy,category,1.0,False,8.0,,True,True,BlockL1-8D2,,,,,,http://id.who.int/icd/entity/76906748,
,http://id.who.int/icd/release/11/mms/76906748/other,8D2Y,,- - Other specified cerebral palsy,category,1.0,True,8.0,,True,True,BlockL1-8D2,,,,,,http://id.who.int/icd/entity/76906748,
,http://id.who.int/icd/release/11/mms/76906748/unspecified,8D2Z,,"- - Cerebral palsy, unspecified",category,1.0,True,8.0,,True,True,BlockL1-8D2,,,,,,http://id.who.int/icd/entity/76906748,
http://id.who.int/icd/entity/1119245712,http://id.who.int/icd/release/11/mms/1119245712,,BlockL1-8D4,- Nutritional or toxic disorders of the nervous system,block,1.0,False,8.0,,False,,,,,,,,http://id.who.int/icd/entity/1296093776,
,http://id.who.int/icd/release/11/mms/1119245712/other,8D4Y,,- - Other specified nutritional or toxic disorders of the nervous system,category,1.0,True,8.0,,True,True,BlockL1-8D4,,,,,,http://id.who.int/icd/entity/1119245712,
,http://id.who.int/icd/release/11/mms/1119245712/unspecified,8D4Z,,"- - Nutritional or toxic disorders of the nervous system, unspecified",category,1.0,True,8.0,,True,True,BlockL1-8D4,,,,,,http://id.who.int/icd/entity/1119245712,
http://id.who.int/icd/entity/1397803237,http://id.who.int/icd/release/11/mms/1397803237,,BlockL1-8D8,- Disorders of autonomic nervous system,block,1.0,False,8.0,,False,,,,,,,,http://id.who.int/icd/entity/1296093776,
http://id.who.int/icd/entity/2116276188,http://id.who.int/icd/release/11/mms/2116276188,8D80,,- - Congenital malformations of the autonomic nervous system,category,1.0,False,8.0,,True,True,BlockL1-8D8,,,,,,http://id.who.int/icd/entity/1397803237,
,http://id.who.int/icd/release/11/mms/1397803237/other,8D8Y,,- - Other specified disorders of autonomic nervous system,category,1.0,True,8.0,,True,True,BlockL1-8D8,,,,,,http://id.who.int/icd/entity/1397803237,
,http://id.who.int/icd/release/11/mms/1397803237/unspecified,8D8Z,,"- - Disorders of autonomic nervous system, unspecified",category,1.0,True,8.0,,True,True,BlockL1-8D8,,,,,,http://id.who.int/icd/entity/1397803237,
http://id.who.int/icd/entity/988657115,http://id.who.int/icd/release/11/mms/988657115,,BlockL1-8E4,- Certain disorders of the nervous system,block,1.0,False,8.0,,False,,,,,,,,http://id.who.int/icd/entity/1296093776,
http://id.who.int/icd/entity/292232825,http://id.who.int/icd/release/11/mms/292232825,8E43,,- - Pain disorders,category,1.0,False,8.0,,False,True,BlockL1-8E4,,,,,,http://id.who.int/icd/entity/988657115,
http://id.who.int/icd/entity/1058231555,http://id.who.int/icd/release/11/mms/1058231555,8E4A,,- - Paraneoplastic or autoimmune disorders of the nervous system,category,1.0,False,8.0,,False,False,BlockL1-8E4,,,,,,http://id.who.int/icd/entity/988657115,
http://id.who.int/icd/entity/1510094736,http://id.who.int/icd/release/11/mms/1510094736,,BlockL1-8E6,- Postprocedural disorders of the nervous system,block,1.0,False,8.0,,False,,,,,,,,http://id.who.int/icd/entity/1296093776,
