wand_id,genus,species,gbif_usagekey,family_id
p1,Acacia,karroo,3974754.0,193
p2,Acacia,mearnsii,2979775.0,193
p3,Acacia,nigrescens,3795961.0,193
p4,Acacia,nilotica,3974744.0,193
p5,Acokanthera,oppositifolia,3619546.0,376
p6,Agapanthus,africanus,2854740.0,63
p7,Albuca,fastigiata,2772375.0,64
p8,Alepidea,ametymbica,3633432.0,439
p9,Aloe,castanea,8355770.0,65
p10,Aloe,claviflora,2777226.0,65
p11,Aloe,ferox,2777789.0,65
p12,Aloe,marlothii,2778219.0,65
p13,Aloe,peglerae,7920572.0,65
p14,Annona,senegalensis,5407251.0,15
p15,Antizoma,angustifolia,3830390.0,116
p16,Apodytes,dimidiata,3597463.0,373
p17,Arctotis,arctotoides,7764662.0,423
p18,Artemisia,afra,8078031.0,423
p19,Aspalathus,linearis,5348220.0,193
p20,Athrixia,phyllicoides,3087104.0,423
p21,Ballota,africana,5428512.0,396
p22,Bolusanthus,speciosus,2952355.0,193
p23,Boophane,disticha,2854664.0,63
p24,Boophane,flava,2853222.0,63
p25,Boscia,albitrunca,5602556.0,275
p26,Brunsvigia,josephinæ,4013911.0,63
p27,Brunsvigia,radulosa,2853422.0,63
p28,Buddleja,saligna,3173331.0,411
p29,Buddleja,salviifolia,4055797.0,411
p30,Buxus,natalensis,3988045.0,124
p31,Callistemon,citrinus,3173413.0,235
p32,Calpurnia,aurea,2956417.0,193
p33,Cedrelopsis,microfoliata,3990256.0,257
p34,Centratherum,punctatum,3090864.0,423
p35,Ceratonia,siliqua,5356354.0,193
p36,Cissampelos,capensis,7514615.0,116
p37,Coleonema,album,5594432.0,257
p38,Combretum,apiculatum,3698502.0,231
p39,Combretum,caffrum,3699709.0,231
p40,Conium,speceis,3034806.0,439
p41,Crinum,bulbispermum,2853668.0,63
p42,Crinum,macowanii,2853929.0,63
p43,Crinum,moorei,4928395.0,63
p44,Crotalaria,agatiflora,2942820.0,193
p45,Crotalaria,globifera,2942923.0,193
p46,Croton,dichogamus,3059533.0,166
p47,Croton,gratissimus,3058727.0,166
p48,Croton,megalobotrys,3060022.0,166
p49,Croton,menyharthii,3059559.0,166
p50,Croton,pseudopulchellus,3058146.0,166
p51,Croton,steenkampianus,3058591.0,166
p52,Curtisia,dentata,8057620.0,343
p53,Cussonia,paniculata,3035211.0,441
p54,Cyrtanthus,elatus,5325993.0,63
p55,Cyrtanthus,falcatus,5326032.0,63
p56,Cyrtanthus,obliquus,5326072.0,63
p57,Datura,stramonium,2928751.0,388
p58,Dichilus,gracilis,5359923.0,193
p59,Dicoma,tomentosa,3103375.0,423
p60,Diospyros,lycioides,4070128.0,354
p61,Distephanus,angulifolius,5400049.0,423
p62,Dodonaea,angustifolia,5577690.0,258
p63,Drimia,altissima,8295156.0,64
p64,Drimia,delagoensis,2776829.0,64
p65,Drimia,depressa,2773832.0,64
p66,Drimia,macrocentra,2776864.0,64
p67,Drimia,robusta,11038477.0,64
p68,Drimiopsis,burkei,2776491.0,64
p69,Drimiopsis,maculata,2776471.0,64
p70,Ecklonia,maxima,3196111.0,95
p71,Elaeodendron,croceum,3792084.0,144
p72,Elephantorrhiza,elephantina,2933010.0,193
p73,Eleutherine,americana,2749556.0,72
p74,Elytropappus,rhinocerotis,3104052.0,423
p75,Eriocephalus,punctulatus,3130102.0,423
p76,Eriosema,kraussianum,5349171.0,193
p77,Erythrina,caffra,5349557.0,193
p78,Erythrophleum,lasianthum,2971195.0,193
p79,Euclea,natalensis,6056978.0,354
p80,Eucomis,autumnalis,2775117.0,64
p81,Eucomis,bicolor,2775154.0,64
p82,Eucomis,comosa,2775144.0,64
p83,Eucomis,humilis,2775128.0,64
p84,Eucomis,montana,2775143.0,64
p85,Eucomis,pallidiflora,2775155.0,64
p86,Eucomis,schiffii,2775130.0,64
p87,Euphorbia,bothae,3064695.0,166
p88,Euryops,floribundus,5394977.0,423
p89,Ficus,glumosa,5571065.0,202
p90,Ficus,sansibarica,7262605.0,202
p91,Foeniculum,vulgare,3034922.0,439
p92,Galenia,africana,9810425.0,305
p93,Galtonia,candicans,2772982.0,64
p94,Garcinia,livingstonei,3189564.0,160
p95,Geigeria,aspera,3119865.0,423
p96,Gethyllis,ciliaris,2855231.0,63
p97,Greyia,flanaganii,3750353.0,222
p98,Gunnera,perpensa,3723634.0,126
p99,Halleria,lucida,5560356.0,412
p100,Harpagophytum,procumbens,3585335.0,406
p101,Helichrysum,asperum,3131766.0,423
p102,Helichrysum,cymosum,3131345.0,423
p103,Helichrysum,kraussii,3131274.0,423
p104,Helichrysum,melanacme,3131968.0,423
p105,Helichrysum,niveum,7926500.0,423
p106,Helichrysum,splendidum,3131768.0,423
p107,Helichrysum,teretifolium,3131467.0,423
p108,Helichrysum,umbraculigerum,3131861.0,423
p109,Hoodia,gordonii,7956185.0,376
p110,Hyaenanche,globosa,3075183.0,182
p111,Hypoxis,colchicifolia,2853001.0,71
p112,Irvingia,gabonensis,5380976.0,171
p113,Kigelia,africana,3172561.0,391
p114,Lachenalia,rubida,2775284.0,64
p115,Laurus,nobilis,3034015.0,25
p116,Lawsonia,inermis,5420912.0,233
p117,Ledebouria,ovatifolia,2773678.0,64
p118,Ledebouria,socialis,2773791.0,64
p119,Leonotis,leonurus,2926906.0,396
p120,Leonotis,ocymifolia,7307634.0,396
p121,Leucosidea,sericea,3030262.0,204
p122,Lippia,javanica,4086664.0,415
p123,Lippia,rehmannii,4084647.0,415
p124,Lippia,scaberrima,4084203.0,415
p125,Massonia,bifolia,2770402.0,64
p126,Massonia,pustulata,2770444.0,64
p127,Maytenus,procumbens,3794114.0,144
p128,Melianthus,major,3845298.0,226
p129,Merwilla,plumbea,2768144.0,64
p130,Mimusops,obtusifolia,2883807.0,364
p131,Myristica,fragrans,5406817.0,19
p132,Myrothamnus,flabellifolia,4936263.0,127
p133,Myrsine,africana,7331120.0,362
p134,Nerine,filifolia,5326933.0,63
p135,Nerine,sarniensis,5326867.0,63
p136,Ocimum,labiatum,3897145.0,396
p137,Olax,dissitiflora,3685821.0,296
p138,Olea,africana,5830157.0,402
p139,Olea,capensis,7475694.0,402
p140,Olea,europaea,5415040.0,402
p141,Oncosiphon,piluliferum,10852031.0,423
p142,Ormocarpum,trichocarpum,2954028.0,193
p143,Ornithogalum,saundersiae,2773403.0,64
p144,Ornithogalum,thyrsoides,2773545.0,64
p145,Osyris,lanceolata,7473922.0,298
p146,Oxyanthus,speciosus,2901539.0,381
p147,Parinari,capensis,2985030.0,159
p148,Parinari,curatellifolia,8185443.0,159
p149,Pelargonium,sidoides,3827581.0,229
p150,Peltophorum,africanum,2952780.0,193
p151,Pentanisia,prunelloides,2898462.0,381
p152,Plectranthus,barbatus,8030165.0,396
p153,Plectranthus,ecklonii,3904963.0,396
p154,Plectranthus,hadiensis,8338131.0,396
p155,Plectranthus,lucidus,3903566.0,396
p156,Plectranthus,purpuratus,7309146.0,396
p157,Plectranthus,venteri,11076130.0,396
p158,Prunus,africana,3022853.0,204
p159,Pseudoprospero,firmifolium,2774040.0,64
p160,Putterlickia,verrucosa,3790785.0,144
p161,Quiuisianthe,papinae,8025262.0,255
p162,Rafnia,amplexicaulis,2974555.0,193
p163,Rauvolfia,caffra,3618324.0,376
p164,Resnova,humifusa,2767731.0,64
p165,Rhodocodon,aff.,10751636.0,64
p166,Rhodocodon,campanulatus,10808922.0,64
p167,Rosa,soulieana,3004885.0,204
p168,Salvia,africana-caerulea,3886290.0,396
p169,Salvia,africana-lutea,3884533.0,396
p170,Salvia,albicaulis,3886103.0,396
p171,Salvia,aurita,7372122.0,396
p172,Salvia,chamelaeagnea,3881832.0,396
p173,Salvia,disermas,8179998.0,396
p174,Salvia,dolomitica,3903804.0,396
p175,Salvia,lanceolata,7791208.0,396
p176,Salvia,muirii,3895306.0,396
p177,Salvia,namaensis,3895126.0,396
p178,Salvia,repens,7307546.0,396
p179,Salvia,runcinata,3888708.0,396
p180,Salvia,schlechteri,3888159.0,396
p181,Scadoxus,puniceus,2860719.0,63
p182,Sceletium,tortuosum,7750120.0,305
p183,Schefflera,umbellifera,3038863.0,441
p184,Schkuhria,pinnata,8346536.0,423
p185,Schotia,brachypetala,2959242.0,193
p186,Scilla,nervosa,2771381.0,64
p187,Scilla,zebrina,5952279.0,64
p188,Scutia,myrtina,8317476.0,203
p189,Searsia,chirindensis,5544393.0,251
p190,Securidaca,longepedunculata,5658133.0,195
p191,Senecio,chrysocoma,3108921.0,423
p192,Senecio,orthonnoflorus,3106738.0,423
p193,Senecio,oxyodontus,3108873.0,423
p194,Senecio,paniculatus,3108792.0,423
p195,Senecio,pterophorus,3107177.0,423
p196,Sideroxylon,inerme,2887200.0,364
p197,Siphonochilus,aethiopicus,2757671.0,93
p198,Solanum,aculeastrum,2929801.0,388
p199,Solanum,aculeatissimum,2929394.0,388
p200,Solanum,panduriforme,2931607.0,388
p201,Sophora,flavescens,2959073.0,193
p202,Sphaeranthus,indicus,8302135.0,423
p203,Spilanthes,acmella,7367845.0,423
p204,Spirostachys,africana,5378880.0,166
p205,Streptocarpus,dunnii,8269257.0,395
p206,Struthiola,argentea,5524321.0,270
p207,Suregada,zanzibariensis,3054868.0,166
p208,Sutherlandia,frutescens,5633333.0,193
p209,Syzygium,jambos,3183534.0,235
p210,Teclea,gerrardii,10329959.0,257
p211,Teclea,natalensis,3834275.0,257
p212,Terminalia,sericea,3699769.0,231
p213,Toddalia,asiatica,10789822.0,257
p214,Toddaliopsis,bremekampii,3834676.0,257
p215,Turraea,floribunda,3849883.0,255
p216,Typha,capensis,5289571.0,109
p217,Vepris,glomerata,7269194.0,257
p218,Vernonia,amygdalina,3130899.0,423
p219,Vernonia,colorata,5396914.0,423
p220,Vismia,baccifera,8113584.0,170
p221,Vitex,rehmannii,3903327.0,396
p222,Warburgia,salutaris,5603223.0,8
p223,Xysmalobium,undulatum,3571866.0,376
